id	item_group_id	title	description	link	image_link	additional_image_link	availability	price	sale_price	google_product_category	product_type	brand	condition	color	material	identifier_exists	shipping
KAMIBI-TERRA-URN-GINKO-GOLD	KAMIBI-TERRA-URN	TERRA BIODEGRADABLE URN - GINKO GOLD Sleeve	KAMIBI TERRA URN Biodegradable Urn for Human Ashes | Water & Earth Burial | 100% Natural Compostable Materials Honor your loved one’s memory with the KAMIBI® Terra Urn by Kamibi Store , an elegant biodegradable urn for human ashes thoughtfully designed for both water and earth burials. Crafted from sustainable, compostable, and eco-conscious materials, this urn offers a meaningful and peaceful farewell while allowing a gentle return to nature without harming the environment. The Terra Urn is part of our premium collection of biodegradable urns and eco friendly urns , specially created for families seeking a more elegant, sustainable, and meaningful alternative to traditional funeral urns. Its minimalist organic design symbolizes peace, simplicity, and a deep connection with nature, making it ideal for modern green funerals and eco-conscious memorial ceremonies. Designed specifically for water burial urns , natural earth burials, and burial at sea urns , this urn naturally and safely dissolves in water or soil, helping families create respectful and emotionally meaningful farewells. It also works beautifully as one of our premium ash scattering urns , allowing intimate ceremonies in oceans, lakes, forests, gardens, or other meaningful locations. The KAMIBI® Terra Urn measures approximately 3” High x 12” Wide x 14” Long , offering generous capacity to hold the full ashes of an adult while remaining lightweight and practical for ceremonies and transportation. Each biodegradable urn includes a farewell kit with biodegradable writing sheets and a compostable pencil, allowing family and friends to write heartfelt messages, memories, and final words to accompany their loved one on their final journey. Detailed instructions for respectful water or earth burial ceremonies are also included, making it easier to create a meaningful and eco-conscious tribute. Benefits of the KAMIBI® Terra Urn Made from 100% biodegradable, sustainable, and compostable materials Ideal for eco-friendly water and land burials Perfect for burial at sea and natural burial ceremonies Elegant, minimalist, and nature-inspired design Plastic-free, glue-free, toxin-free, and chemical-free Includes biodegradable farewell kit Comes with easy-to-follow ceremony instructions Lightweight, durable, and travel-friendly TSA-compliant for air travel with cremated remains Helps families create peaceful and environmentally responsible tributes At Kamibi Store , we create premium biodegradable cremation urns , eco memorial products , and sustainable funeral urns for families seeking meaningful, environmentally conscious memorial experiences. Perfect for families searching for: Biodegradable urns USA Biodegradable urns Canada Eco friendly urns Water burial urns Ash scattering urns Natural burial urns Sustainable funeral urns Eco memorial products Free Standard Shipping Across USA & Canada	https://kamibistore.com/product/terra-urn	https://static.wixstatic.com/media/45119e_a575488c331f42789877412c56e83fe1~mv2.png/v1/fit/w_1192,h_1036,q_90/file.png	https://static.wixstatic.com/media/45119e_277f4849b55642b1a9c570a911f20d37~mv2.png/v1/fit/w_1000,h_1000,q_90/file.png,https://static.wixstatic.com/media/45119e_f53630612dfd4e0b986a9d59de8db8ee~mv2.png/v1/fit/w_1192,h_1036,q_90/file.png,https://static.wixstatic.com/media/45119e_406349985092485bae6ed7728ff859f5~mv2.png/v1/fit/w_1192,h_1036,q_90/file.png,https://static.wixstatic.com/media/45119e_7a1c94ae780545e5a741810a8d7df6a2~mv2.png/v1/fit/w_1192,h_1036,q_90/file.png,https://static.wixstatic.com/media/45119e_15574358cd20474ea4d251dae13b5a70~mv2.png/v1/fit/w_1192,h_1036,q_90/file.png,https://static.wixstatic.com/media/45119e_e63e94a50ce54149b824dcaf1980bb6d~mv2.png/v1/fit/w_1192,h_1036,q_90/file.png,https://static.wixstatic.com/media/45119e_e5681c32c41149218c220df966b18596~mv2.png/v1/fit/w_1192,h_1036,q_90/file.png	in_stock	90.00 USD		Home & Garden > Decor > Cremation Urns	Memorial Urns > Biodegradable Urns > Earth Burial Urns	KAMIBI	new	GINKO GOLD	Organic Plant Cellulose & Natural Clay	no	US:::0.00 USD
KAMIBI-TERRA-URN-OCEAN	KAMIBI-TERRA-URN	TERRA BIODEGRADABLE URN - OCEAN Sleeve	KAMIBI TERRA URN Biodegradable Urn for Human Ashes | Water & Earth Burial | 100% Natural Compostable Materials Honor your loved one’s memory with the KAMIBI® Terra Urn by Kamibi Store , an elegant biodegradable urn for human ashes thoughtfully designed for both water and earth burials. Crafted from sustainable, compostable, and eco-conscious materials, this urn offers a meaningful and peaceful farewell while allowing a gentle return to nature without harming the environment. The Terra Urn is part of our premium collection of biodegradable urns and eco friendly urns , specially created for families seeking a more elegant, sustainable, and meaningful alternative to traditional funeral urns. Its minimalist organic design symbolizes peace, simplicity, and a deep connection with nature, making it ideal for modern green funerals and eco-conscious memorial ceremonies. Designed specifically for water burial urns , natural earth burials, and burial at sea urns , this urn naturally and safely dissolves in water or soil, helping families create respectful and emotionally meaningful farewells. It also works beautifully as one of our premium ash scattering urns , allowing intimate ceremonies in oceans, lakes, forests, gardens, or other meaningful locations. The KAMIBI® Terra Urn measures approximately 3” High x 12” Wide x 14” Long , offering generous capacity to hold the full ashes of an adult while remaining lightweight and practical for ceremonies and transportation. Each biodegradable urn includes a farewell kit with biodegradable writing sheets and a compostable pencil, allowing family and friends to write heartfelt messages, memories, and final words to accompany their loved one on their final journey. Detailed instructions for respectful water or earth burial ceremonies are also included, making it easier to create a meaningful and eco-conscious tribute. Benefits of the KAMIBI® Terra Urn Made from 100% biodegradable, sustainable, and compostable materials Ideal for eco-friendly water and land burials Perfect for burial at sea and natural burial ceremonies Elegant, minimalist, and nature-inspired design Plastic-free, glue-free, toxin-free, and chemical-free Includes biodegradable farewell kit Comes with easy-to-follow ceremony instructions Lightweight, durable, and travel-friendly TSA-compliant for air travel with cremated remains Helps families create peaceful and environmentally responsible tributes At Kamibi Store , we create premium biodegradable cremation urns , eco memorial products , and sustainable funeral urns for families seeking meaningful, environmentally conscious memorial experiences. Perfect for families searching for: Biodegradable urns USA Biodegradable urns Canada Eco friendly urns Water burial urns Ash scattering urns Natural burial urns Sustainable funeral urns Eco memorial products Free Standard Shipping Across USA & Canada	https://kamibistore.com/product/terra-urn	https://static.wixstatic.com/media/45119e_15574358cd20474ea4d251dae13b5a70~mv2.png/v1/fit/w_1192,h_1036,q_90/file.png	https://static.wixstatic.com/media/45119e_277f4849b55642b1a9c570a911f20d37~mv2.png/v1/fit/w_1000,h_1000,q_90/file.png,https://static.wixstatic.com/media/45119e_f53630612dfd4e0b986a9d59de8db8ee~mv2.png/v1/fit/w_1192,h_1036,q_90/file.png,https://static.wixstatic.com/media/45119e_406349985092485bae6ed7728ff859f5~mv2.png/v1/fit/w_1192,h_1036,q_90/file.png,https://static.wixstatic.com/media/45119e_7a1c94ae780545e5a741810a8d7df6a2~mv2.png/v1/fit/w_1192,h_1036,q_90/file.png,https://static.wixstatic.com/media/45119e_a575488c331f42789877412c56e83fe1~mv2.png/v1/fit/w_1192,h_1036,q_90/file.png,https://static.wixstatic.com/media/45119e_e63e94a50ce54149b824dcaf1980bb6d~mv2.png/v1/fit/w_1192,h_1036,q_90/file.png,https://static.wixstatic.com/media/45119e_e5681c32c41149218c220df966b18596~mv2.png/v1/fit/w_1192,h_1036,q_90/file.png	in_stock	90.00 USD		Home & Garden > Decor > Cremation Urns	Memorial Urns > Biodegradable Urns > Earth Burial Urns	KAMIBI	new	OCEAN	Organic Plant Cellulose & Natural Clay	no	US:::0.00 USD
KAMIBI-TERRA-URN-PINK	KAMIBI-TERRA-URN	TERRA BIODEGRADABLE URN - PINK Sleeve	KAMIBI TERRA URN Biodegradable Urn for Human Ashes | Water & Earth Burial | 100% Natural Compostable Materials Honor your loved one’s memory with the KAMIBI® Terra Urn by Kamibi Store , an elegant biodegradable urn for human ashes thoughtfully designed for both water and earth burials. Crafted from sustainable, compostable, and eco-conscious materials, this urn offers a meaningful and peaceful farewell while allowing a gentle return to nature without harming the environment. The Terra Urn is part of our premium collection of biodegradable urns and eco friendly urns , specially created for families seeking a more elegant, sustainable, and meaningful alternative to traditional funeral urns. Its minimalist organic design symbolizes peace, simplicity, and a deep connection with nature, making it ideal for modern green funerals and eco-conscious memorial ceremonies. Designed specifically for water burial urns , natural earth burials, and burial at sea urns , this urn naturally and safely dissolves in water or soil, helping families create respectful and emotionally meaningful farewells. It also works beautifully as one of our premium ash scattering urns , allowing intimate ceremonies in oceans, lakes, forests, gardens, or other meaningful locations. The KAMIBI® Terra Urn measures approximately 3” High x 12” Wide x 14” Long , offering generous capacity to hold the full ashes of an adult while remaining lightweight and practical for ceremonies and transportation. Each biodegradable urn includes a farewell kit with biodegradable writing sheets and a compostable pencil, allowing family and friends to write heartfelt messages, memories, and final words to accompany their loved one on their final journey. Detailed instructions for respectful water or earth burial ceremonies are also included, making it easier to create a meaningful and eco-conscious tribute. Benefits of the KAMIBI® Terra Urn Made from 100% biodegradable, sustainable, and compostable materials Ideal for eco-friendly water and land burials Perfect for burial at sea and natural burial ceremonies Elegant, minimalist, and nature-inspired design Plastic-free, glue-free, toxin-free, and chemical-free Includes biodegradable farewell kit Comes with easy-to-follow ceremony instructions Lightweight, durable, and travel-friendly TSA-compliant for air travel with cremated remains Helps families create peaceful and environmentally responsible tributes At Kamibi Store , we create premium biodegradable cremation urns , eco memorial products , and sustainable funeral urns for families seeking meaningful, environmentally conscious memorial experiences. Perfect for families searching for: Biodegradable urns USA Biodegradable urns Canada Eco friendly urns Water burial urns Ash scattering urns Natural burial urns Sustainable funeral urns Eco memorial products Free Standard Shipping Across USA & Canada	https://kamibistore.com/product/terra-urn	https://static.wixstatic.com/media/45119e_7a1c94ae780545e5a741810a8d7df6a2~mv2.png/v1/fit/w_1192,h_1036,q_90/file.png	https://static.wixstatic.com/media/45119e_277f4849b55642b1a9c570a911f20d37~mv2.png/v1/fit/w_1000,h_1000,q_90/file.png,https://static.wixstatic.com/media/45119e_f53630612dfd4e0b986a9d59de8db8ee~mv2.png/v1/fit/w_1192,h_1036,q_90/file.png,https://static.wixstatic.com/media/45119e_406349985092485bae6ed7728ff859f5~mv2.png/v1/fit/w_1192,h_1036,q_90/file.png,https://static.wixstatic.com/media/45119e_a575488c331f42789877412c56e83fe1~mv2.png/v1/fit/w_1192,h_1036,q_90/file.png,https://static.wixstatic.com/media/45119e_15574358cd20474ea4d251dae13b5a70~mv2.png/v1/fit/w_1192,h_1036,q_90/file.png,https://static.wixstatic.com/media/45119e_e63e94a50ce54149b824dcaf1980bb6d~mv2.png/v1/fit/w_1192,h_1036,q_90/file.png,https://static.wixstatic.com/media/45119e_e5681c32c41149218c220df966b18596~mv2.png/v1/fit/w_1192,h_1036,q_90/file.png	in_stock	90.00 USD		Home & Garden > Decor > Cremation Urns	Memorial Urns > Biodegradable Urns > Earth Burial Urns	KAMIBI	new	PINK	Organic Plant Cellulose & Natural Clay	no	US:::0.00 USD
KAMIBI-TERRA-URN-PURPLE	KAMIBI-TERRA-URN	TERRA BIODEGRADABLE URN - PURPLE Sleeve	KAMIBI TERRA URN Biodegradable Urn for Human Ashes | Water & Earth Burial | 100% Natural Compostable Materials Honor your loved one’s memory with the KAMIBI® Terra Urn by Kamibi Store , an elegant biodegradable urn for human ashes thoughtfully designed for both water and earth burials. Crafted from sustainable, compostable, and eco-conscious materials, this urn offers a meaningful and peaceful farewell while allowing a gentle return to nature without harming the environment. The Terra Urn is part of our premium collection of biodegradable urns and eco friendly urns , specially created for families seeking a more elegant, sustainable, and meaningful alternative to traditional funeral urns. Its minimalist organic design symbolizes peace, simplicity, and a deep connection with nature, making it ideal for modern green funerals and eco-conscious memorial ceremonies. Designed specifically for water burial urns , natural earth burials, and burial at sea urns , this urn naturally and safely dissolves in water or soil, helping families create respectful and emotionally meaningful farewells. It also works beautifully as one of our premium ash scattering urns , allowing intimate ceremonies in oceans, lakes, forests, gardens, or other meaningful locations. The KAMIBI® Terra Urn measures approximately 3” High x 12” Wide x 14” Long , offering generous capacity to hold the full ashes of an adult while remaining lightweight and practical for ceremonies and transportation. Each biodegradable urn includes a farewell kit with biodegradable writing sheets and a compostable pencil, allowing family and friends to write heartfelt messages, memories, and final words to accompany their loved one on their final journey. Detailed instructions for respectful water or earth burial ceremonies are also included, making it easier to create a meaningful and eco-conscious tribute. Benefits of the KAMIBI® Terra Urn Made from 100% biodegradable, sustainable, and compostable materials Ideal for eco-friendly water and land burials Perfect for burial at sea and natural burial ceremonies Elegant, minimalist, and nature-inspired design Plastic-free, glue-free, toxin-free, and chemical-free Includes biodegradable farewell kit Comes with easy-to-follow ceremony instructions Lightweight, durable, and travel-friendly TSA-compliant for air travel with cremated remains Helps families create peaceful and environmentally responsible tributes At Kamibi Store , we create premium biodegradable cremation urns , eco memorial products , and sustainable funeral urns for families seeking meaningful, environmentally conscious memorial experiences. Perfect for families searching for: Biodegradable urns USA Biodegradable urns Canada Eco friendly urns Water burial urns Ash scattering urns Natural burial urns Sustainable funeral urns Eco memorial products Free Standard Shipping Across USA & Canada	https://kamibistore.com/product/terra-urn	https://static.wixstatic.com/media/45119e_f53630612dfd4e0b986a9d59de8db8ee~mv2.png/v1/fit/w_1192,h_1036,q_90/file.png	https://static.wixstatic.com/media/45119e_277f4849b55642b1a9c570a911f20d37~mv2.png/v1/fit/w_1000,h_1000,q_90/file.png,https://static.wixstatic.com/media/45119e_406349985092485bae6ed7728ff859f5~mv2.png/v1/fit/w_1192,h_1036,q_90/file.png,https://static.wixstatic.com/media/45119e_7a1c94ae780545e5a741810a8d7df6a2~mv2.png/v1/fit/w_1192,h_1036,q_90/file.png,https://static.wixstatic.com/media/45119e_a575488c331f42789877412c56e83fe1~mv2.png/v1/fit/w_1192,h_1036,q_90/file.png,https://static.wixstatic.com/media/45119e_15574358cd20474ea4d251dae13b5a70~mv2.png/v1/fit/w_1192,h_1036,q_90/file.png,https://static.wixstatic.com/media/45119e_e63e94a50ce54149b824dcaf1980bb6d~mv2.png/v1/fit/w_1192,h_1036,q_90/file.png,https://static.wixstatic.com/media/45119e_e5681c32c41149218c220df966b18596~mv2.png/v1/fit/w_1192,h_1036,q_90/file.png	in_stock	90.00 USD		Home & Garden > Decor > Cremation Urns	Memorial Urns > Biodegradable Urns > Earth Burial Urns	KAMIBI	new	PURPLE	Organic Plant Cellulose & Natural Clay	no	US:::0.00 USD
KAMIBI-TERRA-URN-GINKO	KAMIBI-TERRA-URN	TERRA BIODEGRADABLE URN - GINKO Sleeve	KAMIBI TERRA URN Biodegradable Urn for Human Ashes | Water & Earth Burial | 100% Natural Compostable Materials Honor your loved one’s memory with the KAMIBI® Terra Urn by Kamibi Store , an elegant biodegradable urn for human ashes thoughtfully designed for both water and earth burials. Crafted from sustainable, compostable, and eco-conscious materials, this urn offers a meaningful and peaceful farewell while allowing a gentle return to nature without harming the environment. The Terra Urn is part of our premium collection of biodegradable urns and eco friendly urns , specially created for families seeking a more elegant, sustainable, and meaningful alternative to traditional funeral urns. Its minimalist organic design symbolizes peace, simplicity, and a deep connection with nature, making it ideal for modern green funerals and eco-conscious memorial ceremonies. Designed specifically for water burial urns , natural earth burials, and burial at sea urns , this urn naturally and safely dissolves in water or soil, helping families create respectful and emotionally meaningful farewells. It also works beautifully as one of our premium ash scattering urns , allowing intimate ceremonies in oceans, lakes, forests, gardens, or other meaningful locations. The KAMIBI® Terra Urn measures approximately 3” High x 12” Wide x 14” Long , offering generous capacity to hold the full ashes of an adult while remaining lightweight and practical for ceremonies and transportation. Each biodegradable urn includes a farewell kit with biodegradable writing sheets and a compostable pencil, allowing family and friends to write heartfelt messages, memories, and final words to accompany their loved one on their final journey. Detailed instructions for respectful water or earth burial ceremonies are also included, making it easier to create a meaningful and eco-conscious tribute. Benefits of the KAMIBI® Terra Urn Made from 100% biodegradable, sustainable, and compostable materials Ideal for eco-friendly water and land burials Perfect for burial at sea and natural burial ceremonies Elegant, minimalist, and nature-inspired design Plastic-free, glue-free, toxin-free, and chemical-free Includes biodegradable farewell kit Comes with easy-to-follow ceremony instructions Lightweight, durable, and travel-friendly TSA-compliant for air travel with cremated remains Helps families create peaceful and environmentally responsible tributes At Kamibi Store , we create premium biodegradable cremation urns , eco memorial products , and sustainable funeral urns for families seeking meaningful, environmentally conscious memorial experiences. Perfect for families searching for: Biodegradable urns USA Biodegradable urns Canada Eco friendly urns Water burial urns Ash scattering urns Natural burial urns Sustainable funeral urns Eco memorial products Free Standard Shipping Across USA & Canada	https://kamibistore.com/product/terra-urn	https://static.wixstatic.com/media/45119e_406349985092485bae6ed7728ff859f5~mv2.png/v1/fit/w_1192,h_1036,q_90/file.png	https://static.wixstatic.com/media/45119e_277f4849b55642b1a9c570a911f20d37~mv2.png/v1/fit/w_1000,h_1000,q_90/file.png,https://static.wixstatic.com/media/45119e_f53630612dfd4e0b986a9d59de8db8ee~mv2.png/v1/fit/w_1192,h_1036,q_90/file.png,https://static.wixstatic.com/media/45119e_7a1c94ae780545e5a741810a8d7df6a2~mv2.png/v1/fit/w_1192,h_1036,q_90/file.png,https://static.wixstatic.com/media/45119e_a575488c331f42789877412c56e83fe1~mv2.png/v1/fit/w_1192,h_1036,q_90/file.png,https://static.wixstatic.com/media/45119e_15574358cd20474ea4d251dae13b5a70~mv2.png/v1/fit/w_1192,h_1036,q_90/file.png,https://static.wixstatic.com/media/45119e_e63e94a50ce54149b824dcaf1980bb6d~mv2.png/v1/fit/w_1192,h_1036,q_90/file.png,https://static.wixstatic.com/media/45119e_e5681c32c41149218c220df966b18596~mv2.png/v1/fit/w_1192,h_1036,q_90/file.png	in_stock	90.00 USD		Home & Garden > Decor > Cremation Urns	Memorial Urns > Biodegradable Urns > Earth Burial Urns	KAMIBI	new	GINKO	Organic Plant Cellulose & Natural Clay	no	US:::0.00 USD
KAMIBI-IRIS-URN-OCEAN	KAMIBI-IRIS-URN	IRIS BIODEGRADABLE URN - OCEAN Sleeve	KAMIBI IRIS URN Biodegradable Urn for Human Ashes | Water & Earth Burial | Elegant Pink & White Design Honor your loved one’s memory with the KAMIBI® Iris Urn by Kamibi Store , an elegant biodegradable urn for human ashes thoughtfully designed for both water and earth burials. Inspired by love, serenity, and emotional warmth, the Iris Urn combines a delicate pink and white design with sustainable, compostable materials to create a meaningful and environmentally respectful farewell. As part of our premium collection of biodegradable urns and eco friendly urns , the Iris Urn was created for families seeking a more beautiful, human, and sustainable way to celebrate life and honor cherished memories. Its soft modern aesthetic symbolizes peace, compassion, and spiritual connection, making it an ideal choice for eco-conscious funerals and contemporary memorial ceremonies. The KAMIBI® Iris Urn is specially designed for water burial urns , natural earth burials, and meaningful burial at sea urns ceremonies. Crafted from biodegradable materials, the urn naturally and safely dissolves in both water and soil without leaving pollution or environmental impact behind. It also works beautifully as one of our premium ash scattering urns , making it ideal for intimate ceremonies by the ocean, lakes, forests, mountains, gardens, or other meaningful memorial locations. Its lightweight and practical structure allows families to carry out peaceful and elegant ceremonies with ease. Each biodegradable urn includes a farewell kit with eco-friendly writing sheets and a compostable pencil, allowing family and friends to write heartfelt messages, memories, and final words to accompany their loved one on their final journey. Detailed instructions for respectful water or earth burial ceremonies are also included. Benefits of the KAMIBI® Iris Urn Made from 100% sustainable and biodegradable materials Suitable for eco-friendly water and land burials Perfect for burial at sea ceremonies Elegant pink and white memorial design Includes biodegradable farewell kit Comes with easy-to-follow instructions Plastic-free, toxin-free, and chemical-free Helps families create meaningful and peaceful farewells TSA-compliant and travel-friendly At Kamibi Store , we create premium biodegradable cremation urns , eco memorial products , and sustainable funeral urns for families seeking elegant, meaningful, and environmentally conscious memorial experiences. Perfect for families searching for: Biodegradable urns USA Biodegradable urns Canada Eco friendly urns Water burial urns Ash scattering urns Natural burial urns Sustainable funeral urns Eco memorial products Free Standard Shipping Across USA & Canada	https://kamibistore.com/product/iris-urn	https://static.wixstatic.com/media/45119e_2d5a6b8b6ad04d6bb041c8bb99b32b3a~mv2.png/v1/fit/w_1192,h_1036,q_90/file.png	https://static.wixstatic.com/media/45119e_b02b10e7408d4273ac65fb980cec7a8e~mv2.png/v1/fit/w_1000,h_1000,q_90/file.png,https://static.wixstatic.com/media/45119e_30cc2647cbfa4613b55c9c180bd8be22~mv2.png/v1/fit/w_1192,h_1036,q_90/file.png,https://static.wixstatic.com/media/45119e_8f3ba19722c442e38dc553905de49533~mv2.png/v1/fit/w_1192,h_1036,q_90/file.png,https://static.wixstatic.com/media/45119e_4515ed8dce4f4ea28b7bfeb68eac9066~mv2.png/v1/fit/w_1192,h_1036,q_90/file.png,https://static.wixstatic.com/media/45119e_d2595e1cddee4d539f2d3bcf1975f508~mv2.png/v1/fit/w_1192,h_1036,q_90/file.png,https://static.wixstatic.com/media/45119e_c10016c03f8a40a09e1b21c64c1d80df~mv2.png/v1/fit/w_1192,h_1036,q_90/file.png,https://static.wixstatic.com/media/45119e_70b475e88edc462dbd166083984da698~mv2.png/v1/fit/w_1192,h_1036,q_90/file.png,https://static.wixstatic.com/media/45119e_5de1c90af53a4be3a4dfee99a0553580~mv2.png/v1/fit/w_1192,h_1036,q_90/file.png	in_stock	90.00 USD	76.50 USD	Home & Garden > Decor > Cremation Urns	Memorial Urns > Biodegradable Urns > Earth Burial Urns	KAMIBI	new	OCEAN	Organic Plant Cellulose & Natural Dyes	no	US:::0.00 USD
KAMIBI-IRIS-URN-SOFT-PINK	KAMIBI-IRIS-URN	IRIS BIODEGRADABLE URN - SOFT PINK Sleeve	KAMIBI IRIS URN Biodegradable Urn for Human Ashes | Water & Earth Burial | Elegant Pink & White Design Honor your loved one’s memory with the KAMIBI® Iris Urn by Kamibi Store , an elegant biodegradable urn for human ashes thoughtfully designed for both water and earth burials. Inspired by love, serenity, and emotional warmth, the Iris Urn combines a delicate pink and white design with sustainable, compostable materials to create a meaningful and environmentally respectful farewell. As part of our premium collection of biodegradable urns and eco friendly urns , the Iris Urn was created for families seeking a more beautiful, human, and sustainable way to celebrate life and honor cherished memories. Its soft modern aesthetic symbolizes peace, compassion, and spiritual connection, making it an ideal choice for eco-conscious funerals and contemporary memorial ceremonies. The KAMIBI® Iris Urn is specially designed for water burial urns , natural earth burials, and meaningful burial at sea urns ceremonies. Crafted from biodegradable materials, the urn naturally and safely dissolves in both water and soil without leaving pollution or environmental impact behind. It also works beautifully as one of our premium ash scattering urns , making it ideal for intimate ceremonies by the ocean, lakes, forests, mountains, gardens, or other meaningful memorial locations. Its lightweight and practical structure allows families to carry out peaceful and elegant ceremonies with ease. Each biodegradable urn includes a farewell kit with eco-friendly writing sheets and a compostable pencil, allowing family and friends to write heartfelt messages, memories, and final words to accompany their loved one on their final journey. Detailed instructions for respectful water or earth burial ceremonies are also included. Benefits of the KAMIBI® Iris Urn Made from 100% sustainable and biodegradable materials Suitable for eco-friendly water and land burials Perfect for burial at sea ceremonies Elegant pink and white memorial design Includes biodegradable farewell kit Comes with easy-to-follow instructions Plastic-free, toxin-free, and chemical-free Helps families create meaningful and peaceful farewells TSA-compliant and travel-friendly At Kamibi Store , we create premium biodegradable cremation urns , eco memorial products , and sustainable funeral urns for families seeking elegant, meaningful, and environmentally conscious memorial experiences. Perfect for families searching for: Biodegradable urns USA Biodegradable urns Canada Eco friendly urns Water burial urns Ash scattering urns Natural burial urns Sustainable funeral urns Eco memorial products Free Standard Shipping Across USA & Canada	https://kamibistore.com/product/iris-urn	https://static.wixstatic.com/media/45119e_8f3ba19722c442e38dc553905de49533~mv2.png/v1/fit/w_1192,h_1036,q_90/file.png	https://static.wixstatic.com/media/45119e_b02b10e7408d4273ac65fb980cec7a8e~mv2.png/v1/fit/w_1000,h_1000,q_90/file.png,https://static.wixstatic.com/media/45119e_30cc2647cbfa4613b55c9c180bd8be22~mv2.png/v1/fit/w_1192,h_1036,q_90/file.png,https://static.wixstatic.com/media/45119e_4515ed8dce4f4ea28b7bfeb68eac9066~mv2.png/v1/fit/w_1192,h_1036,q_90/file.png,https://static.wixstatic.com/media/45119e_d2595e1cddee4d539f2d3bcf1975f508~mv2.png/v1/fit/w_1192,h_1036,q_90/file.png,https://static.wixstatic.com/media/45119e_c10016c03f8a40a09e1b21c64c1d80df~mv2.png/v1/fit/w_1192,h_1036,q_90/file.png,https://static.wixstatic.com/media/45119e_2d5a6b8b6ad04d6bb041c8bb99b32b3a~mv2.png/v1/fit/w_1192,h_1036,q_90/file.png,https://static.wixstatic.com/media/45119e_70b475e88edc462dbd166083984da698~mv2.png/v1/fit/w_1192,h_1036,q_90/file.png,https://static.wixstatic.com/media/45119e_5de1c90af53a4be3a4dfee99a0553580~mv2.png/v1/fit/w_1192,h_1036,q_90/file.png	in_stock	90.00 USD	76.50 USD	Home & Garden > Decor > Cremation Urns	Memorial Urns > Biodegradable Urns > Earth Burial Urns	KAMIBI	new	SOFT PINK	Organic Plant Cellulose & Natural Dyes	no	US:::0.00 USD
KAMIBI-IRIS-URN-GINKGO-GOLD	KAMIBI-IRIS-URN	IRIS BIODEGRADABLE URN - GINKGO GOLD Sleeve	KAMIBI IRIS URN Biodegradable Urn for Human Ashes | Water & Earth Burial | Elegant Pink & White Design Honor your loved one’s memory with the KAMIBI® Iris Urn by Kamibi Store , an elegant biodegradable urn for human ashes thoughtfully designed for both water and earth burials. Inspired by love, serenity, and emotional warmth, the Iris Urn combines a delicate pink and white design with sustainable, compostable materials to create a meaningful and environmentally respectful farewell. As part of our premium collection of biodegradable urns and eco friendly urns , the Iris Urn was created for families seeking a more beautiful, human, and sustainable way to celebrate life and honor cherished memories. Its soft modern aesthetic symbolizes peace, compassion, and spiritual connection, making it an ideal choice for eco-conscious funerals and contemporary memorial ceremonies. The KAMIBI® Iris Urn is specially designed for water burial urns , natural earth burials, and meaningful burial at sea urns ceremonies. Crafted from biodegradable materials, the urn naturally and safely dissolves in both water and soil without leaving pollution or environmental impact behind. It also works beautifully as one of our premium ash scattering urns , making it ideal for intimate ceremonies by the ocean, lakes, forests, mountains, gardens, or other meaningful memorial locations. Its lightweight and practical structure allows families to carry out peaceful and elegant ceremonies with ease. Each biodegradable urn includes a farewell kit with eco-friendly writing sheets and a compostable pencil, allowing family and friends to write heartfelt messages, memories, and final words to accompany their loved one on their final journey. Detailed instructions for respectful water or earth burial ceremonies are also included. Benefits of the KAMIBI® Iris Urn Made from 100% sustainable and biodegradable materials Suitable for eco-friendly water and land burials Perfect for burial at sea ceremonies Elegant pink and white memorial design Includes biodegradable farewell kit Comes with easy-to-follow instructions Plastic-free, toxin-free, and chemical-free Helps families create meaningful and peaceful farewells TSA-compliant and travel-friendly At Kamibi Store , we create premium biodegradable cremation urns , eco memorial products , and sustainable funeral urns for families seeking elegant, meaningful, and environmentally conscious memorial experiences. Perfect for families searching for: Biodegradable urns USA Biodegradable urns Canada Eco friendly urns Water burial urns Ash scattering urns Natural burial urns Sustainable funeral urns Eco memorial products Free Standard Shipping Across USA & Canada	https://kamibistore.com/product/iris-urn	https://static.wixstatic.com/media/45119e_d2595e1cddee4d539f2d3bcf1975f508~mv2.png/v1/fit/w_1192,h_1036,q_90/file.png	https://static.wixstatic.com/media/45119e_b02b10e7408d4273ac65fb980cec7a8e~mv2.png/v1/fit/w_1000,h_1000,q_90/file.png,https://static.wixstatic.com/media/45119e_30cc2647cbfa4613b55c9c180bd8be22~mv2.png/v1/fit/w_1192,h_1036,q_90/file.png,https://static.wixstatic.com/media/45119e_8f3ba19722c442e38dc553905de49533~mv2.png/v1/fit/w_1192,h_1036,q_90/file.png,https://static.wixstatic.com/media/45119e_4515ed8dce4f4ea28b7bfeb68eac9066~mv2.png/v1/fit/w_1192,h_1036,q_90/file.png,https://static.wixstatic.com/media/45119e_c10016c03f8a40a09e1b21c64c1d80df~mv2.png/v1/fit/w_1192,h_1036,q_90/file.png,https://static.wixstatic.com/media/45119e_2d5a6b8b6ad04d6bb041c8bb99b32b3a~mv2.png/v1/fit/w_1192,h_1036,q_90/file.png,https://static.wixstatic.com/media/45119e_70b475e88edc462dbd166083984da698~mv2.png/v1/fit/w_1192,h_1036,q_90/file.png,https://static.wixstatic.com/media/45119e_5de1c90af53a4be3a4dfee99a0553580~mv2.png/v1/fit/w_1192,h_1036,q_90/file.png	in_stock	90.00 USD	76.50 USD	Home & Garden > Decor > Cremation Urns	Memorial Urns > Biodegradable Urns > Earth Burial Urns	KAMIBI	new	GINKGO GOLD	Organic Plant Cellulose & Natural Dyes	no	US:::0.00 USD
KAMIBI-IRIS-URN-GINKGO	KAMIBI-IRIS-URN	IRIS BIODEGRADABLE URN - GINKGO Sleeve	KAMIBI IRIS URN Biodegradable Urn for Human Ashes | Water & Earth Burial | Elegant Pink & White Design Honor your loved one’s memory with the KAMIBI® Iris Urn by Kamibi Store , an elegant biodegradable urn for human ashes thoughtfully designed for both water and earth burials. Inspired by love, serenity, and emotional warmth, the Iris Urn combines a delicate pink and white design with sustainable, compostable materials to create a meaningful and environmentally respectful farewell. As part of our premium collection of biodegradable urns and eco friendly urns , the Iris Urn was created for families seeking a more beautiful, human, and sustainable way to celebrate life and honor cherished memories. Its soft modern aesthetic symbolizes peace, compassion, and spiritual connection, making it an ideal choice for eco-conscious funerals and contemporary memorial ceremonies. The KAMIBI® Iris Urn is specially designed for water burial urns , natural earth burials, and meaningful burial at sea urns ceremonies. Crafted from biodegradable materials, the urn naturally and safely dissolves in both water and soil without leaving pollution or environmental impact behind. It also works beautifully as one of our premium ash scattering urns , making it ideal for intimate ceremonies by the ocean, lakes, forests, mountains, gardens, or other meaningful memorial locations. Its lightweight and practical structure allows families to carry out peaceful and elegant ceremonies with ease. Each biodegradable urn includes a farewell kit with eco-friendly writing sheets and a compostable pencil, allowing family and friends to write heartfelt messages, memories, and final words to accompany their loved one on their final journey. Detailed instructions for respectful water or earth burial ceremonies are also included. Benefits of the KAMIBI® Iris Urn Made from 100% sustainable and biodegradable materials Suitable for eco-friendly water and land burials Perfect for burial at sea ceremonies Elegant pink and white memorial design Includes biodegradable farewell kit Comes with easy-to-follow instructions Plastic-free, toxin-free, and chemical-free Helps families create meaningful and peaceful farewells TSA-compliant and travel-friendly At Kamibi Store , we create premium biodegradable cremation urns , eco memorial products , and sustainable funeral urns for families seeking elegant, meaningful, and environmentally conscious memorial experiences. Perfect for families searching for: Biodegradable urns USA Biodegradable urns Canada Eco friendly urns Water burial urns Ash scattering urns Natural burial urns Sustainable funeral urns Eco memorial products Free Standard Shipping Across USA & Canada	https://kamibistore.com/product/iris-urn	https://static.wixstatic.com/media/45119e_30cc2647cbfa4613b55c9c180bd8be22~mv2.png/v1/fit/w_1192,h_1036,q_90/file.png	https://static.wixstatic.com/media/45119e_b02b10e7408d4273ac65fb980cec7a8e~mv2.png/v1/fit/w_1000,h_1000,q_90/file.png,https://static.wixstatic.com/media/45119e_8f3ba19722c442e38dc553905de49533~mv2.png/v1/fit/w_1192,h_1036,q_90/file.png,https://static.wixstatic.com/media/45119e_4515ed8dce4f4ea28b7bfeb68eac9066~mv2.png/v1/fit/w_1192,h_1036,q_90/file.png,https://static.wixstatic.com/media/45119e_d2595e1cddee4d539f2d3bcf1975f508~mv2.png/v1/fit/w_1192,h_1036,q_90/file.png,https://static.wixstatic.com/media/45119e_c10016c03f8a40a09e1b21c64c1d80df~mv2.png/v1/fit/w_1192,h_1036,q_90/file.png,https://static.wixstatic.com/media/45119e_2d5a6b8b6ad04d6bb041c8bb99b32b3a~mv2.png/v1/fit/w_1192,h_1036,q_90/file.png,https://static.wixstatic.com/media/45119e_70b475e88edc462dbd166083984da698~mv2.png/v1/fit/w_1192,h_1036,q_90/file.png,https://static.wixstatic.com/media/45119e_5de1c90af53a4be3a4dfee99a0553580~mv2.png/v1/fit/w_1192,h_1036,q_90/file.png	in_stock	90.00 USD	76.50 USD	Home & Garden > Decor > Cremation Urns	Memorial Urns > Biodegradable Urns > Earth Burial Urns	KAMIBI	new	GINKGO	Organic Plant Cellulose & Natural Dyes	no	US:::0.00 USD
KAMIBI-IRIS-URN-PINK	KAMIBI-IRIS-URN	IRIS BIODEGRADABLE URN - PINK Sleeve	KAMIBI IRIS URN Biodegradable Urn for Human Ashes | Water & Earth Burial | Elegant Pink & White Design Honor your loved one’s memory with the KAMIBI® Iris Urn by Kamibi Store , an elegant biodegradable urn for human ashes thoughtfully designed for both water and earth burials. Inspired by love, serenity, and emotional warmth, the Iris Urn combines a delicate pink and white design with sustainable, compostable materials to create a meaningful and environmentally respectful farewell. As part of our premium collection of biodegradable urns and eco friendly urns , the Iris Urn was created for families seeking a more beautiful, human, and sustainable way to celebrate life and honor cherished memories. Its soft modern aesthetic symbolizes peace, compassion, and spiritual connection, making it an ideal choice for eco-conscious funerals and contemporary memorial ceremonies. The KAMIBI® Iris Urn is specially designed for water burial urns , natural earth burials, and meaningful burial at sea urns ceremonies. Crafted from biodegradable materials, the urn naturally and safely dissolves in both water and soil without leaving pollution or environmental impact behind. It also works beautifully as one of our premium ash scattering urns , making it ideal for intimate ceremonies by the ocean, lakes, forests, mountains, gardens, or other meaningful memorial locations. Its lightweight and practical structure allows families to carry out peaceful and elegant ceremonies with ease. Each biodegradable urn includes a farewell kit with eco-friendly writing sheets and a compostable pencil, allowing family and friends to write heartfelt messages, memories, and final words to accompany their loved one on their final journey. Detailed instructions for respectful water or earth burial ceremonies are also included. Benefits of the KAMIBI® Iris Urn Made from 100% sustainable and biodegradable materials Suitable for eco-friendly water and land burials Perfect for burial at sea ceremonies Elegant pink and white memorial design Includes biodegradable farewell kit Comes with easy-to-follow instructions Plastic-free, toxin-free, and chemical-free Helps families create meaningful and peaceful farewells TSA-compliant and travel-friendly At Kamibi Store , we create premium biodegradable cremation urns , eco memorial products , and sustainable funeral urns for families seeking elegant, meaningful, and environmentally conscious memorial experiences. Perfect for families searching for: Biodegradable urns USA Biodegradable urns Canada Eco friendly urns Water burial urns Ash scattering urns Natural burial urns Sustainable funeral urns Eco memorial products Free Standard Shipping Across USA & Canada	https://kamibistore.com/product/iris-urn	https://static.wixstatic.com/media/45119e_4515ed8dce4f4ea28b7bfeb68eac9066~mv2.png/v1/fit/w_1192,h_1036,q_90/file.png	https://static.wixstatic.com/media/45119e_b02b10e7408d4273ac65fb980cec7a8e~mv2.png/v1/fit/w_1000,h_1000,q_90/file.png,https://static.wixstatic.com/media/45119e_30cc2647cbfa4613b55c9c180bd8be22~mv2.png/v1/fit/w_1192,h_1036,q_90/file.png,https://static.wixstatic.com/media/45119e_8f3ba19722c442e38dc553905de49533~mv2.png/v1/fit/w_1192,h_1036,q_90/file.png,https://static.wixstatic.com/media/45119e_d2595e1cddee4d539f2d3bcf1975f508~mv2.png/v1/fit/w_1192,h_1036,q_90/file.png,https://static.wixstatic.com/media/45119e_c10016c03f8a40a09e1b21c64c1d80df~mv2.png/v1/fit/w_1192,h_1036,q_90/file.png,https://static.wixstatic.com/media/45119e_2d5a6b8b6ad04d6bb041c8bb99b32b3a~mv2.png/v1/fit/w_1192,h_1036,q_90/file.png,https://static.wixstatic.com/media/45119e_70b475e88edc462dbd166083984da698~mv2.png/v1/fit/w_1192,h_1036,q_90/file.png,https://static.wixstatic.com/media/45119e_5de1c90af53a4be3a4dfee99a0553580~mv2.png/v1/fit/w_1192,h_1036,q_90/file.png	in_stock	90.00 USD	76.50 USD	Home & Garden > Decor > Cremation Urns	Memorial Urns > Biodegradable Urns > Earth Burial Urns	KAMIBI	new	PINK	Organic Plant Cellulose & Natural Dyes	no	US:::0.00 USD
KAMIBI-IRIS-URN-PURPLE	KAMIBI-IRIS-URN	IRIS BIODEGRADABLE URN - PURPLE Sleeve	KAMIBI IRIS URN Biodegradable Urn for Human Ashes | Water & Earth Burial | Elegant Pink & White Design Honor your loved one’s memory with the KAMIBI® Iris Urn by Kamibi Store , an elegant biodegradable urn for human ashes thoughtfully designed for both water and earth burials. Inspired by love, serenity, and emotional warmth, the Iris Urn combines a delicate pink and white design with sustainable, compostable materials to create a meaningful and environmentally respectful farewell. As part of our premium collection of biodegradable urns and eco friendly urns , the Iris Urn was created for families seeking a more beautiful, human, and sustainable way to celebrate life and honor cherished memories. Its soft modern aesthetic symbolizes peace, compassion, and spiritual connection, making it an ideal choice for eco-conscious funerals and contemporary memorial ceremonies. The KAMIBI® Iris Urn is specially designed for water burial urns , natural earth burials, and meaningful burial at sea urns ceremonies. Crafted from biodegradable materials, the urn naturally and safely dissolves in both water and soil without leaving pollution or environmental impact behind. It also works beautifully as one of our premium ash scattering urns , making it ideal for intimate ceremonies by the ocean, lakes, forests, mountains, gardens, or other meaningful memorial locations. Its lightweight and practical structure allows families to carry out peaceful and elegant ceremonies with ease. Each biodegradable urn includes a farewell kit with eco-friendly writing sheets and a compostable pencil, allowing family and friends to write heartfelt messages, memories, and final words to accompany their loved one on their final journey. Detailed instructions for respectful water or earth burial ceremonies are also included. Benefits of the KAMIBI® Iris Urn Made from 100% sustainable and biodegradable materials Suitable for eco-friendly water and land burials Perfect for burial at sea ceremonies Elegant pink and white memorial design Includes biodegradable farewell kit Comes with easy-to-follow instructions Plastic-free, toxin-free, and chemical-free Helps families create meaningful and peaceful farewells TSA-compliant and travel-friendly At Kamibi Store , we create premium biodegradable cremation urns , eco memorial products , and sustainable funeral urns for families seeking elegant, meaningful, and environmentally conscious memorial experiences. Perfect for families searching for: Biodegradable urns USA Biodegradable urns Canada Eco friendly urns Water burial urns Ash scattering urns Natural burial urns Sustainable funeral urns Eco memorial products Free Standard Shipping Across USA & Canada	https://kamibistore.com/product/iris-urn	https://static.wixstatic.com/media/45119e_c10016c03f8a40a09e1b21c64c1d80df~mv2.png/v1/fit/w_1192,h_1036,q_90/file.png	https://static.wixstatic.com/media/45119e_b02b10e7408d4273ac65fb980cec7a8e~mv2.png/v1/fit/w_1000,h_1000,q_90/file.png,https://static.wixstatic.com/media/45119e_30cc2647cbfa4613b55c9c180bd8be22~mv2.png/v1/fit/w_1192,h_1036,q_90/file.png,https://static.wixstatic.com/media/45119e_8f3ba19722c442e38dc553905de49533~mv2.png/v1/fit/w_1192,h_1036,q_90/file.png,https://static.wixstatic.com/media/45119e_4515ed8dce4f4ea28b7bfeb68eac9066~mv2.png/v1/fit/w_1192,h_1036,q_90/file.png,https://static.wixstatic.com/media/45119e_d2595e1cddee4d539f2d3bcf1975f508~mv2.png/v1/fit/w_1192,h_1036,q_90/file.png,https://static.wixstatic.com/media/45119e_2d5a6b8b6ad04d6bb041c8bb99b32b3a~mv2.png/v1/fit/w_1192,h_1036,q_90/file.png,https://static.wixstatic.com/media/45119e_70b475e88edc462dbd166083984da698~mv2.png/v1/fit/w_1192,h_1036,q_90/file.png,https://static.wixstatic.com/media/45119e_5de1c90af53a4be3a4dfee99a0553580~mv2.png/v1/fit/w_1192,h_1036,q_90/file.png	in_stock	90.00 USD	76.50 USD	Home & Garden > Decor > Cremation Urns	Memorial Urns > Biodegradable Urns > Earth Burial Urns	KAMIBI	new	PURPLE	Organic Plant Cellulose & Natural Dyes	no	US:::0.00 USD
KAMIBI-ANGEL-URN-DEEP-BLUE	KAMIBI-ANGEL-URN	ANGEL BIODEGRADABLE URN - DEEP BLUE Sleeve	KAMIBI ANGEL URN Biodegradable Urn for Human Ashes | Water & Earth Burial | Elegant Minimalist White Design Honor your loved one’s memory with the KAMIBI® Angel Urn by Kamibi Store , a biodegradable urn for human ashes thoughtfully designed for both water and earth burials. Inspired by peace, light, and spiritual serenity, this urn offers a meaningful and elegant farewell while allowing a gentle and respectful return to nature. Crafted from sustainable, compostable, and eco-friendly materials, the Angel Urn is part of our premium collection of biodegradable urns and eco friendly urns , created for families seeking more meaningful, conscious, and environmentally responsible memorial experiences. Its clean white minimalist design symbolizes purity, calmness, and emotional peace, making it a beautiful choice for intimate ceremonies, green funerals, and modern memorial tributes. Thanks to its biodegradable composition, the urn naturally and safely dissolves in both water and soil without leaving harmful residue or environmental pollution behind. The KAMIBI® Angel Urn is specially designed for water burial urns , natural earth burials, and meaningful burial at sea urns ceremonies. It also works beautifully as one of our premium ash scattering urns , allowing families to create symbolic farewells in oceans, lakes, forests, gardens, mountains, or other meaningful memorial locations. Each biodegradable urn includes a farewell kit with eco-friendly writing sheets and a compostable pencil, allowing family and friends to write heartfelt messages, memories, and final words to accompany their loved one during their final journey. Detailed instructions for respectful water or earth burial ceremonies are also included. Benefits of the KAMIBI® Angel Urn Made from 100% sustainable and biodegradable materials Suitable for eco-friendly water and land burials Perfect for burial at sea ceremonies Elegant white minimalist memorial design Includes biodegradable farewell kit Comes with easy-to-follow instructions Plastic-free, toxin-free, and chemical-free Helps families create peaceful and meaningful farewells TSA-compliant and travel-friendly At Kamibi Store , we create premium biodegradable cremation urns , eco memorial products , and sustainable funeral urns for families seeking elegant, environmentally conscious, and emotionally meaningful memorial experiences. Perfect for families searching for: Biodegradable urns USA Biodegradable urns Canada Eco friendly urns Water burial urns Ash scattering urns Natural burial urns Sustainable funeral urns Eco memorial products Free Standard Shipping Across USA & Canada	https://kamibistore.com/product/angel-urn	https://static.wixstatic.com/media/45119e_06646d5f8f6c4200aa02c9052fe7b168~mv2.png/v1/fit/w_1192,h_1036,q_90/file.png	https://static.wixstatic.com/media/45119e_da682a60bd214c8f9b3a100f545edd65~mv2.png/v1/fit/w_1000,h_1000,q_90/file.png,https://static.wixstatic.com/media/45119e_8d3df7b505f7458a98c95c0fc4ea293e~mv2.png/v1/fit/w_1192,h_1036,q_90/file.png,https://static.wixstatic.com/media/45119e_167ea167cd904faf821f7590a38f2dc1~mv2.png/v1/fit/w_1192,h_1036,q_90/file.png,https://static.wixstatic.com/media/45119e_87c7a4c8236540e796a6ba6a9fdd6a4a~mv2.png/v1/fit/w_1192,h_1036,q_90/file.png,https://static.wixstatic.com/media/45119e_0b3c807faff94f52b37dc194dff7c837~mv2.png/v1/fit/w_1192,h_1036,q_90/file.png,https://static.wixstatic.com/media/45119e_0b60437457f846d9bddd79c8028c695f~mv2.png/v1/fit/w_1192,h_1036,q_90/file.png,https://static.wixstatic.com/media/45119e_6fee7c273f3f487aba1e9f9e8aee9a72~mv2.png/v1/fit/w_1192,h_1036,q_90/file.png,https://static.wixstatic.com/media/45119e_3301ff2c7756481e956ed99570559afc~mv2.png/v1/fit/w_1192,h_1036,q_90/file.png,https://static.wixstatic.com/media/45119e_51c0be7e73124d109ac6d1ff0eeacca2~mv2.png/v1/fit/w_1192,h_1036,q_90/file.png,https://static.wixstatic.com/media/45119e_055fa3d6159a47a8b60de621c43b90e1~mv2.png/v1/fit/w_1192,h_1036,q_90/file.png	in_stock	90.00 USD		Home & Garden > Decor > Cremation Urns	Memorial Urns > Biodegradable Urns > Water & Earth Burial Urns	KAMIBI	new	DEEP BLUE	Pure Organic Cellulose Paper	no	US:::0.00 USD
KAMIBI-ANGEL-URN-GINKGO-GLOD	KAMIBI-ANGEL-URN	ANGEL BIODEGRADABLE URN - GINKGO GLOD Sleeve	KAMIBI ANGEL URN Biodegradable Urn for Human Ashes | Water & Earth Burial | Elegant Minimalist White Design Honor your loved one’s memory with the KAMIBI® Angel Urn by Kamibi Store , a biodegradable urn for human ashes thoughtfully designed for both water and earth burials. Inspired by peace, light, and spiritual serenity, this urn offers a meaningful and elegant farewell while allowing a gentle and respectful return to nature. Crafted from sustainable, compostable, and eco-friendly materials, the Angel Urn is part of our premium collection of biodegradable urns and eco friendly urns , created for families seeking more meaningful, conscious, and environmentally responsible memorial experiences. Its clean white minimalist design symbolizes purity, calmness, and emotional peace, making it a beautiful choice for intimate ceremonies, green funerals, and modern memorial tributes. Thanks to its biodegradable composition, the urn naturally and safely dissolves in both water and soil without leaving harmful residue or environmental pollution behind. The KAMIBI® Angel Urn is specially designed for water burial urns , natural earth burials, and meaningful burial at sea urns ceremonies. It also works beautifully as one of our premium ash scattering urns , allowing families to create symbolic farewells in oceans, lakes, forests, gardens, mountains, or other meaningful memorial locations. Each biodegradable urn includes a farewell kit with eco-friendly writing sheets and a compostable pencil, allowing family and friends to write heartfelt messages, memories, and final words to accompany their loved one during their final journey. Detailed instructions for respectful water or earth burial ceremonies are also included. Benefits of the KAMIBI® Angel Urn Made from 100% sustainable and biodegradable materials Suitable for eco-friendly water and land burials Perfect for burial at sea ceremonies Elegant white minimalist memorial design Includes biodegradable farewell kit Comes with easy-to-follow instructions Plastic-free, toxin-free, and chemical-free Helps families create peaceful and meaningful farewells TSA-compliant and travel-friendly At Kamibi Store , we create premium biodegradable cremation urns , eco memorial products , and sustainable funeral urns for families seeking elegant, environmentally conscious, and emotionally meaningful memorial experiences. Perfect for families searching for: Biodegradable urns USA Biodegradable urns Canada Eco friendly urns Water burial urns Ash scattering urns Natural burial urns Sustainable funeral urns Eco memorial products Free Standard Shipping Across USA & Canada	https://kamibistore.com/product/angel-urn	https://static.wixstatic.com/media/45119e_3301ff2c7756481e956ed99570559afc~mv2.png/v1/fit/w_1192,h_1036,q_90/file.png	https://static.wixstatic.com/media/45119e_da682a60bd214c8f9b3a100f545edd65~mv2.png/v1/fit/w_1000,h_1000,q_90/file.png,https://static.wixstatic.com/media/45119e_8d3df7b505f7458a98c95c0fc4ea293e~mv2.png/v1/fit/w_1192,h_1036,q_90/file.png,https://static.wixstatic.com/media/45119e_06646d5f8f6c4200aa02c9052fe7b168~mv2.png/v1/fit/w_1192,h_1036,q_90/file.png,https://static.wixstatic.com/media/45119e_167ea167cd904faf821f7590a38f2dc1~mv2.png/v1/fit/w_1192,h_1036,q_90/file.png,https://static.wixstatic.com/media/45119e_87c7a4c8236540e796a6ba6a9fdd6a4a~mv2.png/v1/fit/w_1192,h_1036,q_90/file.png,https://static.wixstatic.com/media/45119e_0b3c807faff94f52b37dc194dff7c837~mv2.png/v1/fit/w_1192,h_1036,q_90/file.png,https://static.wixstatic.com/media/45119e_0b60437457f846d9bddd79c8028c695f~mv2.png/v1/fit/w_1192,h_1036,q_90/file.png,https://static.wixstatic.com/media/45119e_6fee7c273f3f487aba1e9f9e8aee9a72~mv2.png/v1/fit/w_1192,h_1036,q_90/file.png,https://static.wixstatic.com/media/45119e_51c0be7e73124d109ac6d1ff0eeacca2~mv2.png/v1/fit/w_1192,h_1036,q_90/file.png,https://static.wixstatic.com/media/45119e_055fa3d6159a47a8b60de621c43b90e1~mv2.png/v1/fit/w_1192,h_1036,q_90/file.png	in_stock	90.00 USD		Home & Garden > Decor > Cremation Urns	Memorial Urns > Biodegradable Urns > Water & Earth Burial Urns	KAMIBI	new	GINKGO GLOD	Pure Organic Cellulose Paper	no	US:::0.00 USD
KAMIBI-ANGEL-URN-GINKGO	KAMIBI-ANGEL-URN	ANGEL BIODEGRADABLE URN - GINKGO Sleeve	KAMIBI ANGEL URN Biodegradable Urn for Human Ashes | Water & Earth Burial | Elegant Minimalist White Design Honor your loved one’s memory with the KAMIBI® Angel Urn by Kamibi Store , a biodegradable urn for human ashes thoughtfully designed for both water and earth burials. Inspired by peace, light, and spiritual serenity, this urn offers a meaningful and elegant farewell while allowing a gentle and respectful return to nature. Crafted from sustainable, compostable, and eco-friendly materials, the Angel Urn is part of our premium collection of biodegradable urns and eco friendly urns , created for families seeking more meaningful, conscious, and environmentally responsible memorial experiences. Its clean white minimalist design symbolizes purity, calmness, and emotional peace, making it a beautiful choice for intimate ceremonies, green funerals, and modern memorial tributes. Thanks to its biodegradable composition, the urn naturally and safely dissolves in both water and soil without leaving harmful residue or environmental pollution behind. The KAMIBI® Angel Urn is specially designed for water burial urns , natural earth burials, and meaningful burial at sea urns ceremonies. It also works beautifully as one of our premium ash scattering urns , allowing families to create symbolic farewells in oceans, lakes, forests, gardens, mountains, or other meaningful memorial locations. Each biodegradable urn includes a farewell kit with eco-friendly writing sheets and a compostable pencil, allowing family and friends to write heartfelt messages, memories, and final words to accompany their loved one during their final journey. Detailed instructions for respectful water or earth burial ceremonies are also included. Benefits of the KAMIBI® Angel Urn Made from 100% sustainable and biodegradable materials Suitable for eco-friendly water and land burials Perfect for burial at sea ceremonies Elegant white minimalist memorial design Includes biodegradable farewell kit Comes with easy-to-follow instructions Plastic-free, toxin-free, and chemical-free Helps families create peaceful and meaningful farewells TSA-compliant and travel-friendly At Kamibi Store , we create premium biodegradable cremation urns , eco memorial products , and sustainable funeral urns for families seeking elegant, environmentally conscious, and emotionally meaningful memorial experiences. Perfect for families searching for: Biodegradable urns USA Biodegradable urns Canada Eco friendly urns Water burial urns Ash scattering urns Natural burial urns Sustainable funeral urns Eco memorial products Free Standard Shipping Across USA & Canada	https://kamibistore.com/product/angel-urn	https://static.wixstatic.com/media/45119e_51c0be7e73124d109ac6d1ff0eeacca2~mv2.png/v1/fit/w_1192,h_1036,q_90/file.png	https://static.wixstatic.com/media/45119e_da682a60bd214c8f9b3a100f545edd65~mv2.png/v1/fit/w_1000,h_1000,q_90/file.png,https://static.wixstatic.com/media/45119e_8d3df7b505f7458a98c95c0fc4ea293e~mv2.png/v1/fit/w_1192,h_1036,q_90/file.png,https://static.wixstatic.com/media/45119e_06646d5f8f6c4200aa02c9052fe7b168~mv2.png/v1/fit/w_1192,h_1036,q_90/file.png,https://static.wixstatic.com/media/45119e_167ea167cd904faf821f7590a38f2dc1~mv2.png/v1/fit/w_1192,h_1036,q_90/file.png,https://static.wixstatic.com/media/45119e_87c7a4c8236540e796a6ba6a9fdd6a4a~mv2.png/v1/fit/w_1192,h_1036,q_90/file.png,https://static.wixstatic.com/media/45119e_0b3c807faff94f52b37dc194dff7c837~mv2.png/v1/fit/w_1192,h_1036,q_90/file.png,https://static.wixstatic.com/media/45119e_0b60437457f846d9bddd79c8028c695f~mv2.png/v1/fit/w_1192,h_1036,q_90/file.png,https://static.wixstatic.com/media/45119e_6fee7c273f3f487aba1e9f9e8aee9a72~mv2.png/v1/fit/w_1192,h_1036,q_90/file.png,https://static.wixstatic.com/media/45119e_3301ff2c7756481e956ed99570559afc~mv2.png/v1/fit/w_1192,h_1036,q_90/file.png,https://static.wixstatic.com/media/45119e_055fa3d6159a47a8b60de621c43b90e1~mv2.png/v1/fit/w_1192,h_1036,q_90/file.png	in_stock	90.00 USD		Home & Garden > Decor > Cremation Urns	Memorial Urns > Biodegradable Urns > Water & Earth Burial Urns	KAMIBI	new	GINKGO	Pure Organic Cellulose Paper	no	US:::0.00 USD
KAMIBI-ANGEL-URN-GOLD	KAMIBI-ANGEL-URN	ANGEL BIODEGRADABLE URN - GOLD Sleeve	KAMIBI ANGEL URN Biodegradable Urn for Human Ashes | Water & Earth Burial | Elegant Minimalist White Design Honor your loved one’s memory with the KAMIBI® Angel Urn by Kamibi Store , a biodegradable urn for human ashes thoughtfully designed for both water and earth burials. Inspired by peace, light, and spiritual serenity, this urn offers a meaningful and elegant farewell while allowing a gentle and respectful return to nature. Crafted from sustainable, compostable, and eco-friendly materials, the Angel Urn is part of our premium collection of biodegradable urns and eco friendly urns , created for families seeking more meaningful, conscious, and environmentally responsible memorial experiences. Its clean white minimalist design symbolizes purity, calmness, and emotional peace, making it a beautiful choice for intimate ceremonies, green funerals, and modern memorial tributes. Thanks to its biodegradable composition, the urn naturally and safely dissolves in both water and soil without leaving harmful residue or environmental pollution behind. The KAMIBI® Angel Urn is specially designed for water burial urns , natural earth burials, and meaningful burial at sea urns ceremonies. It also works beautifully as one of our premium ash scattering urns , allowing families to create symbolic farewells in oceans, lakes, forests, gardens, mountains, or other meaningful memorial locations. Each biodegradable urn includes a farewell kit with eco-friendly writing sheets and a compostable pencil, allowing family and friends to write heartfelt messages, memories, and final words to accompany their loved one during their final journey. Detailed instructions for respectful water or earth burial ceremonies are also included. Benefits of the KAMIBI® Angel Urn Made from 100% sustainable and biodegradable materials Suitable for eco-friendly water and land burials Perfect for burial at sea ceremonies Elegant white minimalist memorial design Includes biodegradable farewell kit Comes with easy-to-follow instructions Plastic-free, toxin-free, and chemical-free Helps families create peaceful and meaningful farewells TSA-compliant and travel-friendly At Kamibi Store , we create premium biodegradable cremation urns , eco memorial products , and sustainable funeral urns for families seeking elegant, environmentally conscious, and emotionally meaningful memorial experiences. Perfect for families searching for: Biodegradable urns USA Biodegradable urns Canada Eco friendly urns Water burial urns Ash scattering urns Natural burial urns Sustainable funeral urns Eco memorial products Free Standard Shipping Across USA & Canada	https://kamibistore.com/product/angel-urn	https://static.wixstatic.com/media/45119e_6fee7c273f3f487aba1e9f9e8aee9a72~mv2.png/v1/fit/w_1192,h_1036,q_90/file.png	https://static.wixstatic.com/media/45119e_da682a60bd214c8f9b3a100f545edd65~mv2.png/v1/fit/w_1000,h_1000,q_90/file.png,https://static.wixstatic.com/media/45119e_8d3df7b505f7458a98c95c0fc4ea293e~mv2.png/v1/fit/w_1192,h_1036,q_90/file.png,https://static.wixstatic.com/media/45119e_06646d5f8f6c4200aa02c9052fe7b168~mv2.png/v1/fit/w_1192,h_1036,q_90/file.png,https://static.wixstatic.com/media/45119e_167ea167cd904faf821f7590a38f2dc1~mv2.png/v1/fit/w_1192,h_1036,q_90/file.png,https://static.wixstatic.com/media/45119e_87c7a4c8236540e796a6ba6a9fdd6a4a~mv2.png/v1/fit/w_1192,h_1036,q_90/file.png,https://static.wixstatic.com/media/45119e_0b3c807faff94f52b37dc194dff7c837~mv2.png/v1/fit/w_1192,h_1036,q_90/file.png,https://static.wixstatic.com/media/45119e_0b60437457f846d9bddd79c8028c695f~mv2.png/v1/fit/w_1192,h_1036,q_90/file.png,https://static.wixstatic.com/media/45119e_3301ff2c7756481e956ed99570559afc~mv2.png/v1/fit/w_1192,h_1036,q_90/file.png,https://static.wixstatic.com/media/45119e_51c0be7e73124d109ac6d1ff0eeacca2~mv2.png/v1/fit/w_1192,h_1036,q_90/file.png,https://static.wixstatic.com/media/45119e_055fa3d6159a47a8b60de621c43b90e1~mv2.png/v1/fit/w_1192,h_1036,q_90/file.png	in_stock	90.00 USD		Home & Garden > Decor > Cremation Urns	Memorial Urns > Biodegradable Urns > Water & Earth Burial Urns	KAMIBI	new	GOLD	Pure Organic Cellulose Paper	no	US:::0.00 USD
KAMIBI-ANGEL-URN-OCEAN	KAMIBI-ANGEL-URN	ANGEL BIODEGRADABLE URN - OCEAN Sleeve	KAMIBI ANGEL URN Biodegradable Urn for Human Ashes | Water & Earth Burial | Elegant Minimalist White Design Honor your loved one’s memory with the KAMIBI® Angel Urn by Kamibi Store , a biodegradable urn for human ashes thoughtfully designed for both water and earth burials. Inspired by peace, light, and spiritual serenity, this urn offers a meaningful and elegant farewell while allowing a gentle and respectful return to nature. Crafted from sustainable, compostable, and eco-friendly materials, the Angel Urn is part of our premium collection of biodegradable urns and eco friendly urns , created for families seeking more meaningful, conscious, and environmentally responsible memorial experiences. Its clean white minimalist design symbolizes purity, calmness, and emotional peace, making it a beautiful choice for intimate ceremonies, green funerals, and modern memorial tributes. Thanks to its biodegradable composition, the urn naturally and safely dissolves in both water and soil without leaving harmful residue or environmental pollution behind. The KAMIBI® Angel Urn is specially designed for water burial urns , natural earth burials, and meaningful burial at sea urns ceremonies. It also works beautifully as one of our premium ash scattering urns , allowing families to create symbolic farewells in oceans, lakes, forests, gardens, mountains, or other meaningful memorial locations. Each biodegradable urn includes a farewell kit with eco-friendly writing sheets and a compostable pencil, allowing family and friends to write heartfelt messages, memories, and final words to accompany their loved one during their final journey. Detailed instructions for respectful water or earth burial ceremonies are also included. Benefits of the KAMIBI® Angel Urn Made from 100% sustainable and biodegradable materials Suitable for eco-friendly water and land burials Perfect for burial at sea ceremonies Elegant white minimalist memorial design Includes biodegradable farewell kit Comes with easy-to-follow instructions Plastic-free, toxin-free, and chemical-free Helps families create peaceful and meaningful farewells TSA-compliant and travel-friendly At Kamibi Store , we create premium biodegradable cremation urns , eco memorial products , and sustainable funeral urns for families seeking elegant, environmentally conscious, and emotionally meaningful memorial experiences. Perfect for families searching for: Biodegradable urns USA Biodegradable urns Canada Eco friendly urns Water burial urns Ash scattering urns Natural burial urns Sustainable funeral urns Eco memorial products Free Standard Shipping Across USA & Canada	https://kamibistore.com/product/angel-urn	https://static.wixstatic.com/media/45119e_055fa3d6159a47a8b60de621c43b90e1~mv2.png/v1/fit/w_1192,h_1036,q_90/file.png	https://static.wixstatic.com/media/45119e_da682a60bd214c8f9b3a100f545edd65~mv2.png/v1/fit/w_1000,h_1000,q_90/file.png,https://static.wixstatic.com/media/45119e_8d3df7b505f7458a98c95c0fc4ea293e~mv2.png/v1/fit/w_1192,h_1036,q_90/file.png,https://static.wixstatic.com/media/45119e_06646d5f8f6c4200aa02c9052fe7b168~mv2.png/v1/fit/w_1192,h_1036,q_90/file.png,https://static.wixstatic.com/media/45119e_167ea167cd904faf821f7590a38f2dc1~mv2.png/v1/fit/w_1192,h_1036,q_90/file.png,https://static.wixstatic.com/media/45119e_87c7a4c8236540e796a6ba6a9fdd6a4a~mv2.png/v1/fit/w_1192,h_1036,q_90/file.png,https://static.wixstatic.com/media/45119e_0b3c807faff94f52b37dc194dff7c837~mv2.png/v1/fit/w_1192,h_1036,q_90/file.png,https://static.wixstatic.com/media/45119e_0b60437457f846d9bddd79c8028c695f~mv2.png/v1/fit/w_1192,h_1036,q_90/file.png,https://static.wixstatic.com/media/45119e_6fee7c273f3f487aba1e9f9e8aee9a72~mv2.png/v1/fit/w_1192,h_1036,q_90/file.png,https://static.wixstatic.com/media/45119e_3301ff2c7756481e956ed99570559afc~mv2.png/v1/fit/w_1192,h_1036,q_90/file.png,https://static.wixstatic.com/media/45119e_51c0be7e73124d109ac6d1ff0eeacca2~mv2.png/v1/fit/w_1192,h_1036,q_90/file.png	in_stock	90.00 USD		Home & Garden > Decor > Cremation Urns	Memorial Urns > Biodegradable Urns > Water & Earth Burial Urns	KAMIBI	new	OCEAN	Pure Organic Cellulose Paper	no	US:::0.00 USD
KAMIBI-ANGEL-URN-PINK	KAMIBI-ANGEL-URN	ANGEL BIODEGRADABLE URN - PINK Sleeve	KAMIBI ANGEL URN Biodegradable Urn for Human Ashes | Water & Earth Burial | Elegant Minimalist White Design Honor your loved one’s memory with the KAMIBI® Angel Urn by Kamibi Store , a biodegradable urn for human ashes thoughtfully designed for both water and earth burials. Inspired by peace, light, and spiritual serenity, this urn offers a meaningful and elegant farewell while allowing a gentle and respectful return to nature. Crafted from sustainable, compostable, and eco-friendly materials, the Angel Urn is part of our premium collection of biodegradable urns and eco friendly urns , created for families seeking more meaningful, conscious, and environmentally responsible memorial experiences. Its clean white minimalist design symbolizes purity, calmness, and emotional peace, making it a beautiful choice for intimate ceremonies, green funerals, and modern memorial tributes. Thanks to its biodegradable composition, the urn naturally and safely dissolves in both water and soil without leaving harmful residue or environmental pollution behind. The KAMIBI® Angel Urn is specially designed for water burial urns , natural earth burials, and meaningful burial at sea urns ceremonies. It also works beautifully as one of our premium ash scattering urns , allowing families to create symbolic farewells in oceans, lakes, forests, gardens, mountains, or other meaningful memorial locations. Each biodegradable urn includes a farewell kit with eco-friendly writing sheets and a compostable pencil, allowing family and friends to write heartfelt messages, memories, and final words to accompany their loved one during their final journey. Detailed instructions for respectful water or earth burial ceremonies are also included. Benefits of the KAMIBI® Angel Urn Made from 100% sustainable and biodegradable materials Suitable for eco-friendly water and land burials Perfect for burial at sea ceremonies Elegant white minimalist memorial design Includes biodegradable farewell kit Comes with easy-to-follow instructions Plastic-free, toxin-free, and chemical-free Helps families create peaceful and meaningful farewells TSA-compliant and travel-friendly At Kamibi Store , we create premium biodegradable cremation urns , eco memorial products , and sustainable funeral urns for families seeking elegant, environmentally conscious, and emotionally meaningful memorial experiences. Perfect for families searching for: Biodegradable urns USA Biodegradable urns Canada Eco friendly urns Water burial urns Ash scattering urns Natural burial urns Sustainable funeral urns Eco memorial products Free Standard Shipping Across USA & Canada	https://kamibistore.com/product/angel-urn	https://static.wixstatic.com/media/45119e_0b3c807faff94f52b37dc194dff7c837~mv2.png/v1/fit/w_1192,h_1036,q_90/file.png	https://static.wixstatic.com/media/45119e_da682a60bd214c8f9b3a100f545edd65~mv2.png/v1/fit/w_1000,h_1000,q_90/file.png,https://static.wixstatic.com/media/45119e_8d3df7b505f7458a98c95c0fc4ea293e~mv2.png/v1/fit/w_1192,h_1036,q_90/file.png,https://static.wixstatic.com/media/45119e_06646d5f8f6c4200aa02c9052fe7b168~mv2.png/v1/fit/w_1192,h_1036,q_90/file.png,https://static.wixstatic.com/media/45119e_167ea167cd904faf821f7590a38f2dc1~mv2.png/v1/fit/w_1192,h_1036,q_90/file.png,https://static.wixstatic.com/media/45119e_87c7a4c8236540e796a6ba6a9fdd6a4a~mv2.png/v1/fit/w_1192,h_1036,q_90/file.png,https://static.wixstatic.com/media/45119e_0b60437457f846d9bddd79c8028c695f~mv2.png/v1/fit/w_1192,h_1036,q_90/file.png,https://static.wixstatic.com/media/45119e_6fee7c273f3f487aba1e9f9e8aee9a72~mv2.png/v1/fit/w_1192,h_1036,q_90/file.png,https://static.wixstatic.com/media/45119e_3301ff2c7756481e956ed99570559afc~mv2.png/v1/fit/w_1192,h_1036,q_90/file.png,https://static.wixstatic.com/media/45119e_51c0be7e73124d109ac6d1ff0eeacca2~mv2.png/v1/fit/w_1192,h_1036,q_90/file.png,https://static.wixstatic.com/media/45119e_055fa3d6159a47a8b60de621c43b90e1~mv2.png/v1/fit/w_1192,h_1036,q_90/file.png	in_stock	90.00 USD		Home & Garden > Decor > Cremation Urns	Memorial Urns > Biodegradable Urns > Water & Earth Burial Urns	KAMIBI	new	PINK	Pure Organic Cellulose Paper	no	US:::0.00 USD
KAMIBI-ANGEL-URN-PURPLE	KAMIBI-ANGEL-URN	ANGEL BIODEGRADABLE URN - PURPLE Sleeve	KAMIBI ANGEL URN Biodegradable Urn for Human Ashes | Water & Earth Burial | Elegant Minimalist White Design Honor your loved one’s memory with the KAMIBI® Angel Urn by Kamibi Store , a biodegradable urn for human ashes thoughtfully designed for both water and earth burials. Inspired by peace, light, and spiritual serenity, this urn offers a meaningful and elegant farewell while allowing a gentle and respectful return to nature. Crafted from sustainable, compostable, and eco-friendly materials, the Angel Urn is part of our premium collection of biodegradable urns and eco friendly urns , created for families seeking more meaningful, conscious, and environmentally responsible memorial experiences. Its clean white minimalist design symbolizes purity, calmness, and emotional peace, making it a beautiful choice for intimate ceremonies, green funerals, and modern memorial tributes. Thanks to its biodegradable composition, the urn naturally and safely dissolves in both water and soil without leaving harmful residue or environmental pollution behind. The KAMIBI® Angel Urn is specially designed for water burial urns , natural earth burials, and meaningful burial at sea urns ceremonies. It also works beautifully as one of our premium ash scattering urns , allowing families to create symbolic farewells in oceans, lakes, forests, gardens, mountains, or other meaningful memorial locations. Each biodegradable urn includes a farewell kit with eco-friendly writing sheets and a compostable pencil, allowing family and friends to write heartfelt messages, memories, and final words to accompany their loved one during their final journey. Detailed instructions for respectful water or earth burial ceremonies are also included. Benefits of the KAMIBI® Angel Urn Made from 100% sustainable and biodegradable materials Suitable for eco-friendly water and land burials Perfect for burial at sea ceremonies Elegant white minimalist memorial design Includes biodegradable farewell kit Comes with easy-to-follow instructions Plastic-free, toxin-free, and chemical-free Helps families create peaceful and meaningful farewells TSA-compliant and travel-friendly At Kamibi Store , we create premium biodegradable cremation urns , eco memorial products , and sustainable funeral urns for families seeking elegant, environmentally conscious, and emotionally meaningful memorial experiences. Perfect for families searching for: Biodegradable urns USA Biodegradable urns Canada Eco friendly urns Water burial urns Ash scattering urns Natural burial urns Sustainable funeral urns Eco memorial products Free Standard Shipping Across USA & Canada	https://kamibistore.com/product/angel-urn	https://static.wixstatic.com/media/45119e_0b60437457f846d9bddd79c8028c695f~mv2.png/v1/fit/w_1192,h_1036,q_90/file.png	https://static.wixstatic.com/media/45119e_da682a60bd214c8f9b3a100f545edd65~mv2.png/v1/fit/w_1000,h_1000,q_90/file.png,https://static.wixstatic.com/media/45119e_8d3df7b505f7458a98c95c0fc4ea293e~mv2.png/v1/fit/w_1192,h_1036,q_90/file.png,https://static.wixstatic.com/media/45119e_06646d5f8f6c4200aa02c9052fe7b168~mv2.png/v1/fit/w_1192,h_1036,q_90/file.png,https://static.wixstatic.com/media/45119e_167ea167cd904faf821f7590a38f2dc1~mv2.png/v1/fit/w_1192,h_1036,q_90/file.png,https://static.wixstatic.com/media/45119e_87c7a4c8236540e796a6ba6a9fdd6a4a~mv2.png/v1/fit/w_1192,h_1036,q_90/file.png,https://static.wixstatic.com/media/45119e_0b3c807faff94f52b37dc194dff7c837~mv2.png/v1/fit/w_1192,h_1036,q_90/file.png,https://static.wixstatic.com/media/45119e_6fee7c273f3f487aba1e9f9e8aee9a72~mv2.png/v1/fit/w_1192,h_1036,q_90/file.png,https://static.wixstatic.com/media/45119e_3301ff2c7756481e956ed99570559afc~mv2.png/v1/fit/w_1192,h_1036,q_90/file.png,https://static.wixstatic.com/media/45119e_51c0be7e73124d109ac6d1ff0eeacca2~mv2.png/v1/fit/w_1192,h_1036,q_90/file.png,https://static.wixstatic.com/media/45119e_055fa3d6159a47a8b60de621c43b90e1~mv2.png/v1/fit/w_1192,h_1036,q_90/file.png	in_stock	90.00 USD		Home & Garden > Decor > Cremation Urns	Memorial Urns > Biodegradable Urns > Water & Earth Burial Urns	KAMIBI	new	PURPLE	Pure Organic Cellulose Paper	no	US:::0.00 USD
KAMIBI-ANGEL-URN-SOFT-BLUE	KAMIBI-ANGEL-URN	ANGEL BIODEGRADABLE URN - SOFT BLUE Sleeve	KAMIBI ANGEL URN Biodegradable Urn for Human Ashes | Water & Earth Burial | Elegant Minimalist White Design Honor your loved one’s memory with the KAMIBI® Angel Urn by Kamibi Store , a biodegradable urn for human ashes thoughtfully designed for both water and earth burials. Inspired by peace, light, and spiritual serenity, this urn offers a meaningful and elegant farewell while allowing a gentle and respectful return to nature. Crafted from sustainable, compostable, and eco-friendly materials, the Angel Urn is part of our premium collection of biodegradable urns and eco friendly urns , created for families seeking more meaningful, conscious, and environmentally responsible memorial experiences. Its clean white minimalist design symbolizes purity, calmness, and emotional peace, making it a beautiful choice for intimate ceremonies, green funerals, and modern memorial tributes. Thanks to its biodegradable composition, the urn naturally and safely dissolves in both water and soil without leaving harmful residue or environmental pollution behind. The KAMIBI® Angel Urn is specially designed for water burial urns , natural earth burials, and meaningful burial at sea urns ceremonies. It also works beautifully as one of our premium ash scattering urns , allowing families to create symbolic farewells in oceans, lakes, forests, gardens, mountains, or other meaningful memorial locations. Each biodegradable urn includes a farewell kit with eco-friendly writing sheets and a compostable pencil, allowing family and friends to write heartfelt messages, memories, and final words to accompany their loved one during their final journey. Detailed instructions for respectful water or earth burial ceremonies are also included. Benefits of the KAMIBI® Angel Urn Made from 100% sustainable and biodegradable materials Suitable for eco-friendly water and land burials Perfect for burial at sea ceremonies Elegant white minimalist memorial design Includes biodegradable farewell kit Comes with easy-to-follow instructions Plastic-free, toxin-free, and chemical-free Helps families create peaceful and meaningful farewells TSA-compliant and travel-friendly At Kamibi Store , we create premium biodegradable cremation urns , eco memorial products , and sustainable funeral urns for families seeking elegant, environmentally conscious, and emotionally meaningful memorial experiences. Perfect for families searching for: Biodegradable urns USA Biodegradable urns Canada Eco friendly urns Water burial urns Ash scattering urns Natural burial urns Sustainable funeral urns Eco memorial products Free Standard Shipping Across USA & Canada	https://kamibistore.com/product/angel-urn	https://static.wixstatic.com/media/45119e_87c7a4c8236540e796a6ba6a9fdd6a4a~mv2.png/v1/fit/w_1192,h_1036,q_90/file.png	https://static.wixstatic.com/media/45119e_da682a60bd214c8f9b3a100f545edd65~mv2.png/v1/fit/w_1000,h_1000,q_90/file.png,https://static.wixstatic.com/media/45119e_8d3df7b505f7458a98c95c0fc4ea293e~mv2.png/v1/fit/w_1192,h_1036,q_90/file.png,https://static.wixstatic.com/media/45119e_06646d5f8f6c4200aa02c9052fe7b168~mv2.png/v1/fit/w_1192,h_1036,q_90/file.png,https://static.wixstatic.com/media/45119e_167ea167cd904faf821f7590a38f2dc1~mv2.png/v1/fit/w_1192,h_1036,q_90/file.png,https://static.wixstatic.com/media/45119e_0b3c807faff94f52b37dc194dff7c837~mv2.png/v1/fit/w_1192,h_1036,q_90/file.png,https://static.wixstatic.com/media/45119e_0b60437457f846d9bddd79c8028c695f~mv2.png/v1/fit/w_1192,h_1036,q_90/file.png,https://static.wixstatic.com/media/45119e_6fee7c273f3f487aba1e9f9e8aee9a72~mv2.png/v1/fit/w_1192,h_1036,q_90/file.png,https://static.wixstatic.com/media/45119e_3301ff2c7756481e956ed99570559afc~mv2.png/v1/fit/w_1192,h_1036,q_90/file.png,https://static.wixstatic.com/media/45119e_51c0be7e73124d109ac6d1ff0eeacca2~mv2.png/v1/fit/w_1192,h_1036,q_90/file.png,https://static.wixstatic.com/media/45119e_055fa3d6159a47a8b60de621c43b90e1~mv2.png/v1/fit/w_1192,h_1036,q_90/file.png	in_stock	90.00 USD		Home & Garden > Decor > Cremation Urns	Memorial Urns > Biodegradable Urns > Water & Earth Burial Urns	KAMIBI	new	SOFT BLUE	Pure Organic Cellulose Paper	no	US:::0.00 USD
KAMIBI-ANGEL-URN-SOFT-PINK	KAMIBI-ANGEL-URN	ANGEL BIODEGRADABLE URN - SOFT PINK Sleeve	KAMIBI ANGEL URN Biodegradable Urn for Human Ashes | Water & Earth Burial | Elegant Minimalist White Design Honor your loved one’s memory with the KAMIBI® Angel Urn by Kamibi Store , a biodegradable urn for human ashes thoughtfully designed for both water and earth burials. Inspired by peace, light, and spiritual serenity, this urn offers a meaningful and elegant farewell while allowing a gentle and respectful return to nature. Crafted from sustainable, compostable, and eco-friendly materials, the Angel Urn is part of our premium collection of biodegradable urns and eco friendly urns , created for families seeking more meaningful, conscious, and environmentally responsible memorial experiences. Its clean white minimalist design symbolizes purity, calmness, and emotional peace, making it a beautiful choice for intimate ceremonies, green funerals, and modern memorial tributes. Thanks to its biodegradable composition, the urn naturally and safely dissolves in both water and soil without leaving harmful residue or environmental pollution behind. The KAMIBI® Angel Urn is specially designed for water burial urns , natural earth burials, and meaningful burial at sea urns ceremonies. It also works beautifully as one of our premium ash scattering urns , allowing families to create symbolic farewells in oceans, lakes, forests, gardens, mountains, or other meaningful memorial locations. Each biodegradable urn includes a farewell kit with eco-friendly writing sheets and a compostable pencil, allowing family and friends to write heartfelt messages, memories, and final words to accompany their loved one during their final journey. Detailed instructions for respectful water or earth burial ceremonies are also included. Benefits of the KAMIBI® Angel Urn Made from 100% sustainable and biodegradable materials Suitable for eco-friendly water and land burials Perfect for burial at sea ceremonies Elegant white minimalist memorial design Includes biodegradable farewell kit Comes with easy-to-follow instructions Plastic-free, toxin-free, and chemical-free Helps families create peaceful and meaningful farewells TSA-compliant and travel-friendly At Kamibi Store , we create premium biodegradable cremation urns , eco memorial products , and sustainable funeral urns for families seeking elegant, environmentally conscious, and emotionally meaningful memorial experiences. Perfect for families searching for: Biodegradable urns USA Biodegradable urns Canada Eco friendly urns Water burial urns Ash scattering urns Natural burial urns Sustainable funeral urns Eco memorial products Free Standard Shipping Across USA & Canada	https://kamibistore.com/product/angel-urn	https://static.wixstatic.com/media/45119e_8d3df7b505f7458a98c95c0fc4ea293e~mv2.png/v1/fit/w_1192,h_1036,q_90/file.png	https://static.wixstatic.com/media/45119e_da682a60bd214c8f9b3a100f545edd65~mv2.png/v1/fit/w_1000,h_1000,q_90/file.png,https://static.wixstatic.com/media/45119e_06646d5f8f6c4200aa02c9052fe7b168~mv2.png/v1/fit/w_1192,h_1036,q_90/file.png,https://static.wixstatic.com/media/45119e_167ea167cd904faf821f7590a38f2dc1~mv2.png/v1/fit/w_1192,h_1036,q_90/file.png,https://static.wixstatic.com/media/45119e_87c7a4c8236540e796a6ba6a9fdd6a4a~mv2.png/v1/fit/w_1192,h_1036,q_90/file.png,https://static.wixstatic.com/media/45119e_0b3c807faff94f52b37dc194dff7c837~mv2.png/v1/fit/w_1192,h_1036,q_90/file.png,https://static.wixstatic.com/media/45119e_0b60437457f846d9bddd79c8028c695f~mv2.png/v1/fit/w_1192,h_1036,q_90/file.png,https://static.wixstatic.com/media/45119e_6fee7c273f3f487aba1e9f9e8aee9a72~mv2.png/v1/fit/w_1192,h_1036,q_90/file.png,https://static.wixstatic.com/media/45119e_3301ff2c7756481e956ed99570559afc~mv2.png/v1/fit/w_1192,h_1036,q_90/file.png,https://static.wixstatic.com/media/45119e_51c0be7e73124d109ac6d1ff0eeacca2~mv2.png/v1/fit/w_1192,h_1036,q_90/file.png,https://static.wixstatic.com/media/45119e_055fa3d6159a47a8b60de621c43b90e1~mv2.png/v1/fit/w_1192,h_1036,q_90/file.png	in_stock	90.00 USD		Home & Garden > Decor > Cremation Urns	Memorial Urns > Biodegradable Urns > Water & Earth Burial Urns	KAMIBI	new	SOFT PINK	Pure Organic Cellulose Paper	no	US:::0.00 USD
KAMIBI-ANGEL-URN-TURTLE	KAMIBI-ANGEL-URN	ANGEL BIODEGRADABLE URN - TURTLE Sleeve	KAMIBI ANGEL URN Biodegradable Urn for Human Ashes | Water & Earth Burial | Elegant Minimalist White Design Honor your loved one’s memory with the KAMIBI® Angel Urn by Kamibi Store , a biodegradable urn for human ashes thoughtfully designed for both water and earth burials. Inspired by peace, light, and spiritual serenity, this urn offers a meaningful and elegant farewell while allowing a gentle and respectful return to nature. Crafted from sustainable, compostable, and eco-friendly materials, the Angel Urn is part of our premium collection of biodegradable urns and eco friendly urns , created for families seeking more meaningful, conscious, and environmentally responsible memorial experiences. Its clean white minimalist design symbolizes purity, calmness, and emotional peace, making it a beautiful choice for intimate ceremonies, green funerals, and modern memorial tributes. Thanks to its biodegradable composition, the urn naturally and safely dissolves in both water and soil without leaving harmful residue or environmental pollution behind. The KAMIBI® Angel Urn is specially designed for water burial urns , natural earth burials, and meaningful burial at sea urns ceremonies. It also works beautifully as one of our premium ash scattering urns , allowing families to create symbolic farewells in oceans, lakes, forests, gardens, mountains, or other meaningful memorial locations. Each biodegradable urn includes a farewell kit with eco-friendly writing sheets and a compostable pencil, allowing family and friends to write heartfelt messages, memories, and final words to accompany their loved one during their final journey. Detailed instructions for respectful water or earth burial ceremonies are also included. Benefits of the KAMIBI® Angel Urn Made from 100% sustainable and biodegradable materials Suitable for eco-friendly water and land burials Perfect for burial at sea ceremonies Elegant white minimalist memorial design Includes biodegradable farewell kit Comes with easy-to-follow instructions Plastic-free, toxin-free, and chemical-free Helps families create peaceful and meaningful farewells TSA-compliant and travel-friendly At Kamibi Store , we create premium biodegradable cremation urns , eco memorial products , and sustainable funeral urns for families seeking elegant, environmentally conscious, and emotionally meaningful memorial experiences. Perfect for families searching for: Biodegradable urns USA Biodegradable urns Canada Eco friendly urns Water burial urns Ash scattering urns Natural burial urns Sustainable funeral urns Eco memorial products Free Standard Shipping Across USA & Canada	https://kamibistore.com/product/angel-urn	https://static.wixstatic.com/media/45119e_167ea167cd904faf821f7590a38f2dc1~mv2.png/v1/fit/w_1192,h_1036,q_90/file.png	https://static.wixstatic.com/media/45119e_da682a60bd214c8f9b3a100f545edd65~mv2.png/v1/fit/w_1000,h_1000,q_90/file.png,https://static.wixstatic.com/media/45119e_8d3df7b505f7458a98c95c0fc4ea293e~mv2.png/v1/fit/w_1192,h_1036,q_90/file.png,https://static.wixstatic.com/media/45119e_06646d5f8f6c4200aa02c9052fe7b168~mv2.png/v1/fit/w_1192,h_1036,q_90/file.png,https://static.wixstatic.com/media/45119e_87c7a4c8236540e796a6ba6a9fdd6a4a~mv2.png/v1/fit/w_1192,h_1036,q_90/file.png,https://static.wixstatic.com/media/45119e_0b3c807faff94f52b37dc194dff7c837~mv2.png/v1/fit/w_1192,h_1036,q_90/file.png,https://static.wixstatic.com/media/45119e_0b60437457f846d9bddd79c8028c695f~mv2.png/v1/fit/w_1192,h_1036,q_90/file.png,https://static.wixstatic.com/media/45119e_6fee7c273f3f487aba1e9f9e8aee9a72~mv2.png/v1/fit/w_1192,h_1036,q_90/file.png,https://static.wixstatic.com/media/45119e_3301ff2c7756481e956ed99570559afc~mv2.png/v1/fit/w_1192,h_1036,q_90/file.png,https://static.wixstatic.com/media/45119e_51c0be7e73124d109ac6d1ff0eeacca2~mv2.png/v1/fit/w_1192,h_1036,q_90/file.png,https://static.wixstatic.com/media/45119e_055fa3d6159a47a8b60de621c43b90e1~mv2.png/v1/fit/w_1192,h_1036,q_90/file.png	in_stock	90.00 USD		Home & Garden > Decor > Cremation Urns	Memorial Urns > Biodegradable Urns > Water & Earth Burial Urns	KAMIBI	new	TURTLE	Pure Organic Cellulose Paper	no	US:::0.00 USD
KAMIBI-AQUA-URN-DEEP-BLUE	KAMIBI-AQUA-URN	AQUA BIODEGRADABLE URN - DEEP BLUE Sleeve	KAMIBI AQUA URN Biodegradable Urn for Human Ashes | Water & Earth Burial | Ocean-Inspired Elegant Design Honor your loved one’s memory with the KAMIBI® Aqua Urn by Kamibi Store , an elegant biodegradable urn for human ashes thoughtfully designed for both water and earth burials. Inspired by the tranquility of the ocean and the peaceful connection between nature and remembrance, this urn combines a clean white and green design with sustainable, compostable materials to create a meaningful and environmentally respectful farewell. The Aqua Urn is part of our premium collection of biodegradable urns and eco friendly urns , created for families seeking a more conscious, elegant, and meaningful way to celebrate life and honor cherished memories. Its calming aesthetic symbolizes peace, renewal, and harmony, making it an ideal choice for eco-conscious funerals and modern memorial ceremonies. Specially designed for water burial urns , natural earth burials, and meaningful burial at sea urns ceremonies, the KAMIBI® Aqua Urn naturally and safely dissolves in both water and soil without leaving pollution or environmental impact behind. It also works beautifully as one of our premium ash scattering urns , allowing symbolic ceremonies in oceans, lakes, forests, gardens, or other meaningful memorial locations. Each biodegradable urn includes a farewell kit with eco-friendly writing sheets and a compostable pencil, allowing family and friends to write heartfelt messages, memories, and final words to accompany their loved one during their final journey. Detailed instructions for respectful and meaningful ceremonies are also included. Benefits of the KAMIBI® Aqua Urn Made from 100% sustainable and biodegradable materials Suitable for eco-friendly water and land burials Perfect for burial at sea ceremonies Elegant ocean-inspired memorial design Includes biodegradable farewell kit Comes with easy-to-follow instructions Plastic-free, toxin-free, and chemical-free Helps families create peaceful and meaningful farewells TSA-compliant and travel-friendly At Kamibi Store , we create premium biodegradable cremation urns , eco memorial products , and sustainable funeral urns for families seeking elegant, meaningful, and environmentally conscious memorial experiences. Perfect for families searching for: Biodegradable urns USA Biodegradable urns Canada Eco friendly urns Water burial urns Ash scattering urns Natural burial urns Sustainable funeral urns Eco memorial products Free Standard Shipping Across USA & Canada	https://kamibistore.com/product/aqua-urn	https://static.wixstatic.com/media/45119e_5d507d8460784c628298d2c49edaac3e~mv2.png/v1/fit/w_1192,h_1036,q_90/file.png	https://static.wixstatic.com/media/45119e_a29a519f4c904e1a84e6d7ffc6c80bcd~mv2.png/v1/fit/w_1000,h_1000,q_90/file.png,https://static.wixstatic.com/media/45119e_48478600018f46ffb3f1ac569e733471~mv2.png/v1/fit/w_1192,h_1036,q_90/file.png,https://static.wixstatic.com/media/45119e_9030919ba09d42a79d96e925bd4c7035~mv2.png/v1/fit/w_1192,h_1036,q_90/file.png,https://static.wixstatic.com/media/45119e_726e608793b449368dc1510bd3272ebf~mv2.png/v1/fit/w_1192,h_1036,q_90/file.png,https://static.wixstatic.com/media/45119e_45fcd46337e3476c95debccbd733f914~mv2.png/v1/fit/w_1192,h_1036,q_90/file.png,https://static.wixstatic.com/media/45119e_81f37150b96d47089d1ad28c284200df~mv2.png/v1/fit/w_1192,h_1036,q_90/file.png,https://static.wixstatic.com/media/45119e_cc3d7796783348f7b90f1c02bf543e16~mv2.png/v1/fit/w_1192,h_1036,q_90/file.png	in_stock	90.00 USD	76.50 USD	Home & Garden > Decor > Cremation Urns	Memorial Urns > Biodegradable Urns > Water Ceremony Urns	KAMIBI	new	DEEP BLUE	Water-Soluble Plant Cellulose	no	US:::0.00 USD
KAMIBI-AQUA-URN-GINKGO	KAMIBI-AQUA-URN	AQUA BIODEGRADABLE URN - GINKGO Sleeve	KAMIBI AQUA URN Biodegradable Urn for Human Ashes | Water & Earth Burial | Ocean-Inspired Elegant Design Honor your loved one’s memory with the KAMIBI® Aqua Urn by Kamibi Store , an elegant biodegradable urn for human ashes thoughtfully designed for both water and earth burials. Inspired by the tranquility of the ocean and the peaceful connection between nature and remembrance, this urn combines a clean white and green design with sustainable, compostable materials to create a meaningful and environmentally respectful farewell. The Aqua Urn is part of our premium collection of biodegradable urns and eco friendly urns , created for families seeking a more conscious, elegant, and meaningful way to celebrate life and honor cherished memories. Its calming aesthetic symbolizes peace, renewal, and harmony, making it an ideal choice for eco-conscious funerals and modern memorial ceremonies. Specially designed for water burial urns , natural earth burials, and meaningful burial at sea urns ceremonies, the KAMIBI® Aqua Urn naturally and safely dissolves in both water and soil without leaving pollution or environmental impact behind. It also works beautifully as one of our premium ash scattering urns , allowing symbolic ceremonies in oceans, lakes, forests, gardens, or other meaningful memorial locations. Each biodegradable urn includes a farewell kit with eco-friendly writing sheets and a compostable pencil, allowing family and friends to write heartfelt messages, memories, and final words to accompany their loved one during their final journey. Detailed instructions for respectful and meaningful ceremonies are also included. Benefits of the KAMIBI® Aqua Urn Made from 100% sustainable and biodegradable materials Suitable for eco-friendly water and land burials Perfect for burial at sea ceremonies Elegant ocean-inspired memorial design Includes biodegradable farewell kit Comes with easy-to-follow instructions Plastic-free, toxin-free, and chemical-free Helps families create peaceful and meaningful farewells TSA-compliant and travel-friendly At Kamibi Store , we create premium biodegradable cremation urns , eco memorial products , and sustainable funeral urns for families seeking elegant, meaningful, and environmentally conscious memorial experiences. Perfect for families searching for: Biodegradable urns USA Biodegradable urns Canada Eco friendly urns Water burial urns Ash scattering urns Natural burial urns Sustainable funeral urns Eco memorial products Free Standard Shipping Across USA & Canada	https://kamibistore.com/product/aqua-urn	https://static.wixstatic.com/media/45119e_726e608793b449368dc1510bd3272ebf~mv2.png/v1/fit/w_1192,h_1036,q_90/file.png	https://static.wixstatic.com/media/45119e_a29a519f4c904e1a84e6d7ffc6c80bcd~mv2.png/v1/fit/w_1000,h_1000,q_90/file.png,https://static.wixstatic.com/media/45119e_48478600018f46ffb3f1ac569e733471~mv2.png/v1/fit/w_1192,h_1036,q_90/file.png,https://static.wixstatic.com/media/45119e_5d507d8460784c628298d2c49edaac3e~mv2.png/v1/fit/w_1192,h_1036,q_90/file.png,https://static.wixstatic.com/media/45119e_9030919ba09d42a79d96e925bd4c7035~mv2.png/v1/fit/w_1192,h_1036,q_90/file.png,https://static.wixstatic.com/media/45119e_45fcd46337e3476c95debccbd733f914~mv2.png/v1/fit/w_1192,h_1036,q_90/file.png,https://static.wixstatic.com/media/45119e_81f37150b96d47089d1ad28c284200df~mv2.png/v1/fit/w_1192,h_1036,q_90/file.png,https://static.wixstatic.com/media/45119e_cc3d7796783348f7b90f1c02bf543e16~mv2.png/v1/fit/w_1192,h_1036,q_90/file.png	in_stock	90.00 USD	76.50 USD	Home & Garden > Decor > Cremation Urns	Memorial Urns > Biodegradable Urns > Water Ceremony Urns	KAMIBI	new	GINKGO	Water-Soluble Plant Cellulose	no	US:::0.00 USD
KAMIBI-AQUA-URN-GOLD	KAMIBI-AQUA-URN	AQUA BIODEGRADABLE URN - GOLD Sleeve	KAMIBI AQUA URN Biodegradable Urn for Human Ashes | Water & Earth Burial | Ocean-Inspired Elegant Design Honor your loved one’s memory with the KAMIBI® Aqua Urn by Kamibi Store , an elegant biodegradable urn for human ashes thoughtfully designed for both water and earth burials. Inspired by the tranquility of the ocean and the peaceful connection between nature and remembrance, this urn combines a clean white and green design with sustainable, compostable materials to create a meaningful and environmentally respectful farewell. The Aqua Urn is part of our premium collection of biodegradable urns and eco friendly urns , created for families seeking a more conscious, elegant, and meaningful way to celebrate life and honor cherished memories. Its calming aesthetic symbolizes peace, renewal, and harmony, making it an ideal choice for eco-conscious funerals and modern memorial ceremonies. Specially designed for water burial urns , natural earth burials, and meaningful burial at sea urns ceremonies, the KAMIBI® Aqua Urn naturally and safely dissolves in both water and soil without leaving pollution or environmental impact behind. It also works beautifully as one of our premium ash scattering urns , allowing symbolic ceremonies in oceans, lakes, forests, gardens, or other meaningful memorial locations. Each biodegradable urn includes a farewell kit with eco-friendly writing sheets and a compostable pencil, allowing family and friends to write heartfelt messages, memories, and final words to accompany their loved one during their final journey. Detailed instructions for respectful and meaningful ceremonies are also included. Benefits of the KAMIBI® Aqua Urn Made from 100% sustainable and biodegradable materials Suitable for eco-friendly water and land burials Perfect for burial at sea ceremonies Elegant ocean-inspired memorial design Includes biodegradable farewell kit Comes with easy-to-follow instructions Plastic-free, toxin-free, and chemical-free Helps families create peaceful and meaningful farewells TSA-compliant and travel-friendly At Kamibi Store , we create premium biodegradable cremation urns , eco memorial products , and sustainable funeral urns for families seeking elegant, meaningful, and environmentally conscious memorial experiences. Perfect for families searching for: Biodegradable urns USA Biodegradable urns Canada Eco friendly urns Water burial urns Ash scattering urns Natural burial urns Sustainable funeral urns Eco memorial products Free Standard Shipping Across USA & Canada	https://kamibistore.com/product/aqua-urn	https://static.wixstatic.com/media/45119e_48478600018f46ffb3f1ac569e733471~mv2.png/v1/fit/w_1192,h_1036,q_90/file.png	https://static.wixstatic.com/media/45119e_a29a519f4c904e1a84e6d7ffc6c80bcd~mv2.png/v1/fit/w_1000,h_1000,q_90/file.png,https://static.wixstatic.com/media/45119e_5d507d8460784c628298d2c49edaac3e~mv2.png/v1/fit/w_1192,h_1036,q_90/file.png,https://static.wixstatic.com/media/45119e_9030919ba09d42a79d96e925bd4c7035~mv2.png/v1/fit/w_1192,h_1036,q_90/file.png,https://static.wixstatic.com/media/45119e_726e608793b449368dc1510bd3272ebf~mv2.png/v1/fit/w_1192,h_1036,q_90/file.png,https://static.wixstatic.com/media/45119e_45fcd46337e3476c95debccbd733f914~mv2.png/v1/fit/w_1192,h_1036,q_90/file.png,https://static.wixstatic.com/media/45119e_81f37150b96d47089d1ad28c284200df~mv2.png/v1/fit/w_1192,h_1036,q_90/file.png,https://static.wixstatic.com/media/45119e_cc3d7796783348f7b90f1c02bf543e16~mv2.png/v1/fit/w_1192,h_1036,q_90/file.png	in_stock	90.00 USD	76.50 USD	Home & Garden > Decor > Cremation Urns	Memorial Urns > Biodegradable Urns > Water Ceremony Urns	KAMIBI	new	GOLD	Water-Soluble Plant Cellulose	no	US:::0.00 USD
KAMIBI-AQUA-URN-SOFT-PINK	KAMIBI-AQUA-URN	AQUA BIODEGRADABLE URN - SOFT PINK Sleeve	KAMIBI AQUA URN Biodegradable Urn for Human Ashes | Water & Earth Burial | Ocean-Inspired Elegant Design Honor your loved one’s memory with the KAMIBI® Aqua Urn by Kamibi Store , an elegant biodegradable urn for human ashes thoughtfully designed for both water and earth burials. Inspired by the tranquility of the ocean and the peaceful connection between nature and remembrance, this urn combines a clean white and green design with sustainable, compostable materials to create a meaningful and environmentally respectful farewell. The Aqua Urn is part of our premium collection of biodegradable urns and eco friendly urns , created for families seeking a more conscious, elegant, and meaningful way to celebrate life and honor cherished memories. Its calming aesthetic symbolizes peace, renewal, and harmony, making it an ideal choice for eco-conscious funerals and modern memorial ceremonies. Specially designed for water burial urns , natural earth burials, and meaningful burial at sea urns ceremonies, the KAMIBI® Aqua Urn naturally and safely dissolves in both water and soil without leaving pollution or environmental impact behind. It also works beautifully as one of our premium ash scattering urns , allowing symbolic ceremonies in oceans, lakes, forests, gardens, or other meaningful memorial locations. Each biodegradable urn includes a farewell kit with eco-friendly writing sheets and a compostable pencil, allowing family and friends to write heartfelt messages, memories, and final words to accompany their loved one during their final journey. Detailed instructions for respectful and meaningful ceremonies are also included. Benefits of the KAMIBI® Aqua Urn Made from 100% sustainable and biodegradable materials Suitable for eco-friendly water and land burials Perfect for burial at sea ceremonies Elegant ocean-inspired memorial design Includes biodegradable farewell kit Comes with easy-to-follow instructions Plastic-free, toxin-free, and chemical-free Helps families create peaceful and meaningful farewells TSA-compliant and travel-friendly At Kamibi Store , we create premium biodegradable cremation urns , eco memorial products , and sustainable funeral urns for families seeking elegant, meaningful, and environmentally conscious memorial experiences. Perfect for families searching for: Biodegradable urns USA Biodegradable urns Canada Eco friendly urns Water burial urns Ash scattering urns Natural burial urns Sustainable funeral urns Eco memorial products Free Standard Shipping Across USA & Canada	https://kamibistore.com/product/aqua-urn	https://static.wixstatic.com/media/45119e_45fcd46337e3476c95debccbd733f914~mv2.png/v1/fit/w_1192,h_1036,q_90/file.png	https://static.wixstatic.com/media/45119e_a29a519f4c904e1a84e6d7ffc6c80bcd~mv2.png/v1/fit/w_1000,h_1000,q_90/file.png,https://static.wixstatic.com/media/45119e_48478600018f46ffb3f1ac569e733471~mv2.png/v1/fit/w_1192,h_1036,q_90/file.png,https://static.wixstatic.com/media/45119e_5d507d8460784c628298d2c49edaac3e~mv2.png/v1/fit/w_1192,h_1036,q_90/file.png,https://static.wixstatic.com/media/45119e_9030919ba09d42a79d96e925bd4c7035~mv2.png/v1/fit/w_1192,h_1036,q_90/file.png,https://static.wixstatic.com/media/45119e_726e608793b449368dc1510bd3272ebf~mv2.png/v1/fit/w_1192,h_1036,q_90/file.png,https://static.wixstatic.com/media/45119e_81f37150b96d47089d1ad28c284200df~mv2.png/v1/fit/w_1192,h_1036,q_90/file.png,https://static.wixstatic.com/media/45119e_cc3d7796783348f7b90f1c02bf543e16~mv2.png/v1/fit/w_1192,h_1036,q_90/file.png	in_stock	90.00 USD	76.50 USD	Home & Garden > Decor > Cremation Urns	Memorial Urns > Biodegradable Urns > Water Ceremony Urns	KAMIBI	new	SOFT PINK	Water-Soluble Plant Cellulose	no	US:::0.00 USD
KAMIBI-AQUA-URN-TURTLE	KAMIBI-AQUA-URN	AQUA BIODEGRADABLE URN - TURTLE Sleeve	KAMIBI AQUA URN Biodegradable Urn for Human Ashes | Water & Earth Burial | Ocean-Inspired Elegant Design Honor your loved one’s memory with the KAMIBI® Aqua Urn by Kamibi Store , an elegant biodegradable urn for human ashes thoughtfully designed for both water and earth burials. Inspired by the tranquility of the ocean and the peaceful connection between nature and remembrance, this urn combines a clean white and green design with sustainable, compostable materials to create a meaningful and environmentally respectful farewell. The Aqua Urn is part of our premium collection of biodegradable urns and eco friendly urns , created for families seeking a more conscious, elegant, and meaningful way to celebrate life and honor cherished memories. Its calming aesthetic symbolizes peace, renewal, and harmony, making it an ideal choice for eco-conscious funerals and modern memorial ceremonies. Specially designed for water burial urns , natural earth burials, and meaningful burial at sea urns ceremonies, the KAMIBI® Aqua Urn naturally and safely dissolves in both water and soil without leaving pollution or environmental impact behind. It also works beautifully as one of our premium ash scattering urns , allowing symbolic ceremonies in oceans, lakes, forests, gardens, or other meaningful memorial locations. Each biodegradable urn includes a farewell kit with eco-friendly writing sheets and a compostable pencil, allowing family and friends to write heartfelt messages, memories, and final words to accompany their loved one during their final journey. Detailed instructions for respectful and meaningful ceremonies are also included. Benefits of the KAMIBI® Aqua Urn Made from 100% sustainable and biodegradable materials Suitable for eco-friendly water and land burials Perfect for burial at sea ceremonies Elegant ocean-inspired memorial design Includes biodegradable farewell kit Comes with easy-to-follow instructions Plastic-free, toxin-free, and chemical-free Helps families create peaceful and meaningful farewells TSA-compliant and travel-friendly At Kamibi Store , we create premium biodegradable cremation urns , eco memorial products , and sustainable funeral urns for families seeking elegant, meaningful, and environmentally conscious memorial experiences. Perfect for families searching for: Biodegradable urns USA Biodegradable urns Canada Eco friendly urns Water burial urns Ash scattering urns Natural burial urns Sustainable funeral urns Eco memorial products Free Standard Shipping Across USA & Canada	https://kamibistore.com/product/aqua-urn	https://static.wixstatic.com/media/45119e_9030919ba09d42a79d96e925bd4c7035~mv2.png/v1/fit/w_1192,h_1036,q_90/file.png	https://static.wixstatic.com/media/45119e_a29a519f4c904e1a84e6d7ffc6c80bcd~mv2.png/v1/fit/w_1000,h_1000,q_90/file.png,https://static.wixstatic.com/media/45119e_48478600018f46ffb3f1ac569e733471~mv2.png/v1/fit/w_1192,h_1036,q_90/file.png,https://static.wixstatic.com/media/45119e_5d507d8460784c628298d2c49edaac3e~mv2.png/v1/fit/w_1192,h_1036,q_90/file.png,https://static.wixstatic.com/media/45119e_726e608793b449368dc1510bd3272ebf~mv2.png/v1/fit/w_1192,h_1036,q_90/file.png,https://static.wixstatic.com/media/45119e_45fcd46337e3476c95debccbd733f914~mv2.png/v1/fit/w_1192,h_1036,q_90/file.png,https://static.wixstatic.com/media/45119e_81f37150b96d47089d1ad28c284200df~mv2.png/v1/fit/w_1192,h_1036,q_90/file.png,https://static.wixstatic.com/media/45119e_cc3d7796783348f7b90f1c02bf543e16~mv2.png/v1/fit/w_1192,h_1036,q_90/file.png	in_stock	90.00 USD	76.50 USD	Home & Garden > Decor > Cremation Urns	Memorial Urns > Biodegradable Urns > Water Ceremony Urns	KAMIBI	new	TURTLE	Water-Soluble Plant Cellulose	no	US:::0.00 USD
KAMIBI-FLORE-URNS-DEEP-BLUE	KAMIBI-FLORE-URNS	FLORE BIODEGRADABLE URNS - DEEP BLUE Sleeve	KAMIBI FLORE URN Biodegradable Urn for Human Ashes | Water & Earth Burial | Elegant Floral Memorial Design Honor your loved one’s memory with the KAMIBI® Flore Urn by Kamibi Store , an elegant biodegradable urn for human ashes thoughtfully designed for both water and earth burials. Inspired by the beauty of flowers and the delicate nature of everlasting memories, this urn combines sophisticated floral detailing with sustainable, eco-friendly materials to create a meaningful and environmentally respectful farewell. The Flore Urn is part of our premium collection of biodegradable urns and eco friendly urns , created for families seeking more emotional, elegant, and sustainable memorial experiences. Its artistic floral design with delicate blue flower accents symbolizes love, peace, remembrance, and spiritual connection, making it a beautiful choice for eco-conscious funerals and modern memorial ceremonies. Specially designed for water burial urns , natural earth burials, and meaningful burial at sea urns ceremonies, the KAMIBI® Flore Urn naturally and safely dissolves in both water and soil without leaving harmful residue or environmental pollution behind. It also works beautifully as one of our premium ash scattering urns , allowing symbolic farewells in oceans, lakes, forests, gardens, mountains, or other meaningful memorial locations. Its elegant floral aesthetic adds warmth, beauty, and serenity to every ceremony. Each biodegradable urn includes a farewell kit with eco-friendly writing sheets and a compostable pencil, allowing family and friends to write personal messages, memories, and heartfelt final words to accompany their loved one on their final journey. Detailed instructions for respectful and meaningful ceremonies are also included. Benefits of the KAMIBI® Flore Urn Made from 100% sustainable and biodegradable materials Suitable for eco-friendly water and land burials Perfect for burial at sea ceremonies Elegant artistic floral memorial design Includes biodegradable farewell kit Comes with easy-to-follow instructions Plastic-free, toxin-free, and chemical-free Helps families create meaningful and peaceful farewells TSA-compliant and travel-friendly At Kamibi Store , we create premium biodegradable cremation urns , eco memorial products , and sustainable funeral urns for families seeking elegant, meaningful, and environmentally conscious memorial experiences. Perfect for families searching for: Biodegradable urns USA Biodegradable urns Canada Eco friendly urns Water burial urns Ash scattering urns Natural burial urns Sustainable funeral urns Eco memorial products Free Standard Shipping Across USA & Canada	https://kamibistore.com/product/flore-urns	https://static.wixstatic.com/media/45119e_a635a5d5d7bf4bbfaafbce0143c3178a~mv2.png/v1/fit/w_1192,h_1036,q_90/file.png	https://static.wixstatic.com/media/45119e_330d57ad813c4b1a8216dfa5bb59dc98~mv2.png/v1/fit/w_1000,h_1000,q_90/file.png,https://static.wixstatic.com/media/45119e_44f8f91ccd1b439098bf5760374cc702~mv2.png/v1/fit/w_1192,h_1036,q_90/file.png,https://static.wixstatic.com/media/45119e_fe310dc6d7824ecdae0a5ede37b684d6~mv2.png/v1/fit/w_1192,h_1036,q_90/file.png,https://static.wixstatic.com/media/45119e_1e839a4be92949aeabc252df5f128118~mv2.png/v1/fit/w_1192,h_1036,q_90/file.png,https://static.wixstatic.com/media/45119e_1ab4a3865ef84f0b8d7097b3dead634d~mv2.png/v1/fit/w_1192,h_1036,q_90/file.png	in_stock	90.00 USD	76.50 USD	Home & Garden > Decor > Cremation Urns	Memorial Urns > Biodegradable Urns > Earth Burial Urns	KAMIBI	new	DEEP BLUE	Pressed Flower Petals & Plant Cellulose	no	US:::0.00 USD
KAMIBI-FLORE-URNS-SOFT-BLUE	KAMIBI-FLORE-URNS	FLORE BIODEGRADABLE URNS - SOFT BLUE Sleeve	KAMIBI FLORE URN Biodegradable Urn for Human Ashes | Water & Earth Burial | Elegant Floral Memorial Design Honor your loved one’s memory with the KAMIBI® Flore Urn by Kamibi Store , an elegant biodegradable urn for human ashes thoughtfully designed for both water and earth burials. Inspired by the beauty of flowers and the delicate nature of everlasting memories, this urn combines sophisticated floral detailing with sustainable, eco-friendly materials to create a meaningful and environmentally respectful farewell. The Flore Urn is part of our premium collection of biodegradable urns and eco friendly urns , created for families seeking more emotional, elegant, and sustainable memorial experiences. Its artistic floral design with delicate blue flower accents symbolizes love, peace, remembrance, and spiritual connection, making it a beautiful choice for eco-conscious funerals and modern memorial ceremonies. Specially designed for water burial urns , natural earth burials, and meaningful burial at sea urns ceremonies, the KAMIBI® Flore Urn naturally and safely dissolves in both water and soil without leaving harmful residue or environmental pollution behind. It also works beautifully as one of our premium ash scattering urns , allowing symbolic farewells in oceans, lakes, forests, gardens, mountains, or other meaningful memorial locations. Its elegant floral aesthetic adds warmth, beauty, and serenity to every ceremony. Each biodegradable urn includes a farewell kit with eco-friendly writing sheets and a compostable pencil, allowing family and friends to write personal messages, memories, and heartfelt final words to accompany their loved one on their final journey. Detailed instructions for respectful and meaningful ceremonies are also included. Benefits of the KAMIBI® Flore Urn Made from 100% sustainable and biodegradable materials Suitable for eco-friendly water and land burials Perfect for burial at sea ceremonies Elegant artistic floral memorial design Includes biodegradable farewell kit Comes with easy-to-follow instructions Plastic-free, toxin-free, and chemical-free Helps families create meaningful and peaceful farewells TSA-compliant and travel-friendly At Kamibi Store , we create premium biodegradable cremation urns , eco memorial products , and sustainable funeral urns for families seeking elegant, meaningful, and environmentally conscious memorial experiences. Perfect for families searching for: Biodegradable urns USA Biodegradable urns Canada Eco friendly urns Water burial urns Ash scattering urns Natural burial urns Sustainable funeral urns Eco memorial products Free Standard Shipping Across USA & Canada	https://kamibistore.com/product/flore-urns	https://static.wixstatic.com/media/45119e_fe310dc6d7824ecdae0a5ede37b684d6~mv2.png/v1/fit/w_1192,h_1036,q_90/file.png	https://static.wixstatic.com/media/45119e_330d57ad813c4b1a8216dfa5bb59dc98~mv2.png/v1/fit/w_1000,h_1000,q_90/file.png,https://static.wixstatic.com/media/45119e_44f8f91ccd1b439098bf5760374cc702~mv2.png/v1/fit/w_1192,h_1036,q_90/file.png,https://static.wixstatic.com/media/45119e_a635a5d5d7bf4bbfaafbce0143c3178a~mv2.png/v1/fit/w_1192,h_1036,q_90/file.png,https://static.wixstatic.com/media/45119e_1e839a4be92949aeabc252df5f128118~mv2.png/v1/fit/w_1192,h_1036,q_90/file.png,https://static.wixstatic.com/media/45119e_1ab4a3865ef84f0b8d7097b3dead634d~mv2.png/v1/fit/w_1192,h_1036,q_90/file.png	in_stock	90.00 USD	76.50 USD	Home & Garden > Decor > Cremation Urns	Memorial Urns > Biodegradable Urns > Earth Burial Urns	KAMIBI	new	SOFT BLUE	Pressed Flower Petals & Plant Cellulose	no	US:::0.00 USD
KAMIBI-FLORE-URNS-TURTLE	KAMIBI-FLORE-URNS	FLORE BIODEGRADABLE URNS - TURTLE Sleeve	KAMIBI FLORE URN Biodegradable Urn for Human Ashes | Water & Earth Burial | Elegant Floral Memorial Design Honor your loved one’s memory with the KAMIBI® Flore Urn by Kamibi Store , an elegant biodegradable urn for human ashes thoughtfully designed for both water and earth burials. Inspired by the beauty of flowers and the delicate nature of everlasting memories, this urn combines sophisticated floral detailing with sustainable, eco-friendly materials to create a meaningful and environmentally respectful farewell. The Flore Urn is part of our premium collection of biodegradable urns and eco friendly urns , created for families seeking more emotional, elegant, and sustainable memorial experiences. Its artistic floral design with delicate blue flower accents symbolizes love, peace, remembrance, and spiritual connection, making it a beautiful choice for eco-conscious funerals and modern memorial ceremonies. Specially designed for water burial urns , natural earth burials, and meaningful burial at sea urns ceremonies, the KAMIBI® Flore Urn naturally and safely dissolves in both water and soil without leaving harmful residue or environmental pollution behind. It also works beautifully as one of our premium ash scattering urns , allowing symbolic farewells in oceans, lakes, forests, gardens, mountains, or other meaningful memorial locations. Its elegant floral aesthetic adds warmth, beauty, and serenity to every ceremony. Each biodegradable urn includes a farewell kit with eco-friendly writing sheets and a compostable pencil, allowing family and friends to write personal messages, memories, and heartfelt final words to accompany their loved one on their final journey. Detailed instructions for respectful and meaningful ceremonies are also included. Benefits of the KAMIBI® Flore Urn Made from 100% sustainable and biodegradable materials Suitable for eco-friendly water and land burials Perfect for burial at sea ceremonies Elegant artistic floral memorial design Includes biodegradable farewell kit Comes with easy-to-follow instructions Plastic-free, toxin-free, and chemical-free Helps families create meaningful and peaceful farewells TSA-compliant and travel-friendly At Kamibi Store , we create premium biodegradable cremation urns , eco memorial products , and sustainable funeral urns for families seeking elegant, meaningful, and environmentally conscious memorial experiences. Perfect for families searching for: Biodegradable urns USA Biodegradable urns Canada Eco friendly urns Water burial urns Ash scattering urns Natural burial urns Sustainable funeral urns Eco memorial products Free Standard Shipping Across USA & Canada	https://kamibistore.com/product/flore-urns	https://static.wixstatic.com/media/45119e_44f8f91ccd1b439098bf5760374cc702~mv2.png/v1/fit/w_1192,h_1036,q_90/file.png	https://static.wixstatic.com/media/45119e_330d57ad813c4b1a8216dfa5bb59dc98~mv2.png/v1/fit/w_1000,h_1000,q_90/file.png,https://static.wixstatic.com/media/45119e_fe310dc6d7824ecdae0a5ede37b684d6~mv2.png/v1/fit/w_1192,h_1036,q_90/file.png,https://static.wixstatic.com/media/45119e_a635a5d5d7bf4bbfaafbce0143c3178a~mv2.png/v1/fit/w_1192,h_1036,q_90/file.png,https://static.wixstatic.com/media/45119e_1e839a4be92949aeabc252df5f128118~mv2.png/v1/fit/w_1192,h_1036,q_90/file.png,https://static.wixstatic.com/media/45119e_1ab4a3865ef84f0b8d7097b3dead634d~mv2.png/v1/fit/w_1192,h_1036,q_90/file.png	in_stock	90.00 USD	76.50 USD	Home & Garden > Decor > Cremation Urns	Memorial Urns > Biodegradable Urns > Earth Burial Urns	KAMIBI	new	TURTLE	Pressed Flower Petals & Plant Cellulose	no	US:::0.00 USD
KAMIBI-MINI-BIODEGRADABLES-URN-SET	KAMIBI-MINI-BIODEGRADABLES-URN-SET	MINI URN SET FLORE BIODEGRADABLES	KAMIBI® MINI BIODEGRADABLE URN SET Set of biodegradable mini urns for human ashes | Ideal for sharing memories with family and loved ones Honor the memory of your loved one in an intimate, meaningful, and sustainable way with the KAMIBI® Mini Biodegradable Urn Set from Kamibi Store. This exclusive set of biodegradable mini urns has been specially designed for families who wish to share a symbolic portion of the ashes among siblings, children, parents, close friends, or loved ones who wish to preserve a personal tribute. The loss of a loved one often brings families closer together, and this set allows each person to maintain a special connection with their memory. Each mini urn represents an individual tribute filled with love, memory, and meaning, allowing for the creation of personal ceremonies or memorials in various places that are important to the family. Made from sustainable, compostable, and eco-friendly materials, these mini urns are part of our collection of biodegradable urns and eco-memorial products, offering an eco-friendly alternative to traditional memorials. Mini urns can be used for symbolic ceremonies on land or water, small family rituals, memorial gardens, or meaningful natural spaces. Their elegant, minimalist design reflects the values of sustainability, love, and connection with nature that set Kamibi Store apart. Benefits of the KAMIBI® Mini Biodegradable Urn Set Ideal for sharing ashes among family members and loved ones Made from 100% biodegradable and compostable materials Elegant, discreet, and meaningful design Perfect for individual tributes Suitable for eco-friendly ceremonies on land or water Free of plastic, chemicals, and toxic materials Helps create personal and heartfelt memorials Crafted according to principles of sustainability and environmental respect Ideal for: Children and siblings who wish to keep a symbolic keepsake Families living in different cities or countries Shared family memorials Private and intimate ceremonies Eco-friendly and sustainable tributes At Kamibi Store, we believe that love and memories can be shared. That’s why we develop biodegradable cremation urns, eco-friendly memorial products, and sustainable funeral urns that allow families to honor life in a more humane and mindful way. Ideal for those looking for: Biodegradable urns USA Biodegradable urns Canada Mini biodegradable urns Ash sharing urns Eco memorial products Sustainable funeral urns Natural memorial products Eco-friendly urns Free Standard Shipping Across the USA & Canada	https://kamibistore.com/product/mini-biodegradables-urn-set	https://static.wixstatic.com/media/45119e_d62bb5591c674265a6deee5eb3fa4985~mv2.png/v1/fit/w_1192,h_1036,q_90/file.png	https://static.wixstatic.com/media/45119e_7f935d42d05749deab28441cbb005d8b~mv2.png/v1/fit/w_1192,h_1036,q_90/file.png,https://static.wixstatic.com/media/45119e_1b5a8b55565d4c45a6c63bccbe2a555d~mv2.png/v1/fit/w_1192,h_1036,q_90/file.png,https://static.wixstatic.com/media/45119e_d3a384df735c4a65a2974c4fd4ccee8b~mv2.png/v1/fit/w_1192,h_1036,q_90/file.png,https://static.wixstatic.com/media/45119e_b0a57ef77806432fbe4550dc229918ee~mv2.png/v1/fit/w_1192,h_1036,q_90/file.png,https://static.wixstatic.com/media/45119e_1b1f4809a4584857ab6080763c99158d~mv2.png/v1/fit/w_1192,h_1036,q_90/file.png,https://static.wixstatic.com/media/45119e_035648f0231b4586b15e4524a75f8136~mv2.png/v1/fit/w_1192,h_1036,q_90/file.png	in_stock	49.99 USD		Home & Garden > Decor > Cremation Urns	Memorial Urns > Mini Urn Sets > Sharing Memorial Sets	KAMIBI	new	Natural Sage & White	100% Biodegradable Cellulose & Organic Starches	no	US:::0.00 USD
KAMIBI-MINI-URN-SET-OCEAN-BIODEGRADABLES	KAMIBI-MINI-URN-SET-OCEAN-BIODEGRADABLES	MINI URN SET OCEAN BIODEGRADABLES	KAMIBI® MINI BIODEGRADABLE URN SET Set of biodegradable mini urns for human ashes | Ideal for sharing memories with family and loved ones Honor the memory of your loved one in an intimate, meaningful, and sustainable way with the KAMIBI® Mini Biodegradable Urn Set from Kamibi Store. This exclusive set of biodegradable mini urns has been specially designed for families who wish to share a symbolic portion of the ashes among siblings, children, parents, close friends, or loved ones who wish to preserve a personal tribute. The loss of a loved one often brings families closer together, and this set allows each person to maintain a special connection with their memory. Each mini urn represents an individual tribute filled with love, memory, and meaning, allowing for the creation of personal ceremonies or memorials in various places that are important to the family. Made from sustainable, compostable, and eco-friendly materials, these mini urns are part of our collection of biodegradable urns and eco-memorial products, offering an eco-friendly alternative to traditional memorials. Mini urns can be used for symbolic ceremonies on land or water, small family rituals, memorial gardens, or meaningful natural spaces. Their elegant, minimalist design reflects the values of sustainability, love, and connection with nature that set Kamibi Store apart. Benefits of the KAMIBI® Mini Biodegradable Urn Set Ideal for sharing ashes among family members and loved ones Made from 100% biodegradable and compostable materials Elegant, discreet, and meaningful design Perfect for individual tributes Suitable for eco-friendly ceremonies on land or water Free of plastic, chemicals, and toxic materials Helps create personal and heartfelt memorials Crafted according to principles of sustainability and environmental respect Ideal for: Children and siblings who wish to keep a symbolic keepsake Families living in different cities or countries Shared family memorials Private and intimate ceremonies Eco-friendly and sustainable tributes At Kamibi Store, we believe that love and memories can be shared. That’s why we develop biodegradable cremation urns, eco-friendly memorial products, and sustainable funeral urns that allow families to honor life in a more humane and mindful way. Ideal for those looking for: Biodegradable urns USA Biodegradable urns Canada Mini biodegradable urns Ash sharing urns Eco memorial products Sustainable funeral urns Natural memorial products Eco-friendly urns Free Standard Shipping Across the USA & Canada	https://kamibistore.com/product/mini-urn-set-ocean-biodegradables	https://static.wixstatic.com/media/45119e_23cc9997f2b24ac7a9b277be1e904170~mv2.png/v1/fit/w_1024,h_1024,q_90/file.png	https://static.wixstatic.com/media/45119e_b29071730d57411e80628960675d4a04~mv2.png/v1/fit/w_1192,h_1036,q_90/file.png,https://static.wixstatic.com/media/45119e_1d6158d81e7343068af58a8fe84d71a0~mv2.png/v1/fit/w_1192,h_1036,q_90/file.png,https://static.wixstatic.com/media/45119e_a0a907f8e0344bfe80a4c733825116d4~mv2.png/v1/fit/w_1192,h_1036,q_90/file.png,https://static.wixstatic.com/media/45119e_cff61c78651b42ef93948b5c5e753619~mv2.png/v1/fit/w_1192,h_1036,q_90/file.png,https://static.wixstatic.com/media/45119e_e93a21bc9faa4013b05ad058917186f7~mv2.png/v1/fit/w_1192,h_1036,q_90/file.png,https://static.wixstatic.com/media/45119e_cb7c76df081b45efb8fbadba3c118ad2~mv2.png/v1/fit/w_1192,h_1036,q_90/file.png	in_stock	49.99 USD		Home & Garden > Decor > Cremation Urns	Memorial Urns > Mini Urn Sets > Sharing Memorial Sets	KAMIBI	new	Ocean Teal & White	100% Biodegradable Cellulose & Organic Starches	no	US:::0.00 USD
KAMIBI-ASH-BURIAL-BAGS-PACK-OF-2	KAMIBI-ASH-BURIAL-BAGS-PACK-OF-2	ASH BURIAL BAGS – TURTLE DESIGN - Pack of 2	KAMIBI® Cremation Burial Bags – Pack of 2 Recycled Paper Memorial Bags for Human Ashes | Adult Size | Suitable for Ground Burial Honor your loved one with dignity, simplicity, and respect using the KAMIBI® Cremation Burial Bags by Kamibi Store . Designed for families seeking a meaningful yet practical memorial option, this pack of two adult-sized cremation ash burial bags provides an eco-conscious alternative to traditional urns for natural ground burial ceremonies. Crafted from durable recycled paper fibers and printed with a beautiful Tree of Life design using environmentally friendly soy-based inks, these memorial bags symbolize life, remembrance, and the enduring connection between nature and those we love. Each bag measures 11.5" H x 8.5" L x 4" W , providing ample capacity to hold the ashes of one adult while remaining lightweight, durable, and easy to handle throughout transportation, memorial services, and burial preparations. Unlike traditional cremation urns, these eco memorial products offer families a simple, affordable, and environmentally responsible solution for natural earth burials. Their paper-based construction gradually integrates with the soil over time, making them ideal for green burial ceremonies. Please Note: These burial bags are designed for ground burial and ash scattering only and are not intended for water burial or burial-at-sea ceremonies. Benefits Pack of 2 adult-sized cremation burial bags Beautiful Tree of Life memorial artwork printed with soy-based inks Made from durable recycled paper fibers Suitable for ground burial and ash scattering ceremonies Lightweight and easy to transport Practical alternative to traditional cremation urns Eco-conscious memorial solution Made in the USA with quality craftsmanship Product Features Holds the ashes of one adult per bag Dimensions: 11.5" H × 8.5" W × 4" D Recycled paper construction Soy-based environmentally friendly printing Durable and easy to handle Designed for natural ground burial Not suitable for water burial At Kamibi Store , we create meaningful eco memorial products that help families celebrate life with dignity, compassion, and respect for nature. Whether you're planning a natural burial or a simple ash scattering ceremony, our memorial products provide thoughtful alternatives to conventional cremation urns. Perfect for families searching for: Cremation burial bags Burial bags for human ashes Ground burial bags Eco memorial products Green funeral products Cremation alternatives Natural burial supplies Memorial bags for ashes Free Standard Shipping Across USA & Canada	https://kamibistore.com/product/ash-burial-bags-pack-of-2	https://static.wixstatic.com/media/45119e_ad28a8d9c43544cb848d89f1f473fce3~mv2.png/v1/fit/w_1000,h_1000,q_90/file.png	https://static.wixstatic.com/media/45119e_10681821d5f84f96bcd1bdc21c99ed07~mv2.png/v1/fit/w_1000,h_1000,q_90/file.png,https://static.wixstatic.com/media/45119e_62c1862a4b494145a67b8a9019381d3c~mv2.png/v1/fit/w_1000,h_1000,q_90/file.png,https://static.wixstatic.com/media/45119e_34ccd96b14024e8b805257c937b62846~mv2.png/v1/fit/w_1000,h_1000,q_90/file.png,https://static.wixstatic.com/media/45119e_99e2af49da5b472196044294ae3b6b32~mv2.png/v1/fit/w_1000,h_1000,q_90/file.png,https://static.wixstatic.com/media/45119e_f07c647299f449bcbce8b214497982ba~mv2.png/v1/fit/w_1000,h_1000,q_90/file.png	in_stock	12.99 USD		Home & Garden > Decor > Cremation Urns	Funeral & Memorial Supplies > Cremation Burial Bags	KAMIBI	new	Tree of Life Design	Water-Soluble Biodegradable Paper	no	US:::0.00 USD
KAMIBI-CREMATION-BURIAL-BAGS-TREE-OF-LIFE-DESIGN-PACK-OF-2	KAMIBI-CREMATION-BURIAL-BAGS-TREE-OF-LIFE-DESIGN-PACK-OF-2	ASH BURIAL BAGS TREE OF LIFE DESIGN - Pack of 2	KAMIBI® Tree of Life Burial Bags – Pack of 2 Recycled Paper Memorial Bags for Human Ashes | Adult Size | Tree of Life Design | Suitable for Ground Burial Honor your loved one's memory with dignity, simplicity, and purpose using the KAMIBI® Tree of Life Burial Bags by Kamibi Store . Thoughtfully designed for families seeking a meaningful and environmentally conscious memorial option, this pack of two adult-sized cremation burial bags offers a respectful alternative to traditional cremation urns for natural ground burial ceremonies. Each memorial bag features an elegant Tree of Life design , symbolizing eternal life, strength, renewal, and the enduring connection between generations. Printed with environmentally friendly soy-based inks, the artwork transforms every farewell into a beautiful tribute that celebrates both life and nature. Crafted from durable recycled paper fibers, these memorial bags provide a practical and eco-conscious solution for preparing ashes for ground burial or ash scattering ceremonies . Their natural paper construction gradually integrates with the soil over time, making them an ideal choice for families planning a green funeral or natural burial. Each bag measures 11.5" High x 8.5" Wide x 4" Deep , offering ample capacity to respectfully hold the ashes of one adult while remaining lightweight, durable, and easy to handle throughout transportation, memorial services, and burial preparations. Unlike traditional urns made from metal or plastic, the KAMIBI® Tree of Life Burial Bags provide a minimalist memorial option that focuses on simplicity, dignity, and environmental responsibility. Please Note: These memorial bags are designed exclusively for ground burial and ash scattering ceremonies . They are not intended for water burials or burial-at-sea ceremonies. Benefits Pack of 2 adult-sized memorial burial bags Beautiful Tree of Life artwork printed with soy-based inks Made from recycled paper and sustainable fibers Suitable for natural ground burial ceremonies Ideal for ash scattering services Lightweight, durable, and easy to transport Eco-friendly alternative to traditional cremation urns Plastic-free and thoughtfully designed Proudly Made in the USA Designed with dignity, simplicity, and environmental responsibility Product Features Holds the ashes of one adult per bag Dimensions: 11.5" H × 8.5" W × 4" D Durable recycled paper construction Soy-based environmentally friendly printing Easy to handle during memorial services Designed for natural ground burial Suitable for ash scattering Not suitable for water burial At Kamibi Store , we believe every farewell should honor both the memory of a loved one and the beauty of nature. Our collection of eco memorial products offers thoughtful, sustainable alternatives that help families create meaningful tributes while respecting the environment. Perfect for families searching for: Cremation burial bags Burial bags for human ashes Ground burial bags Tree of Life memorial bags Eco memorial products Green funeral products Natural burial supplies Sustainable memorial products Free Standard Shipping Across USA & Canada	https://kamibistore.com/product/cremation-burial-bags-tree-of-life-design-pack-of-2	https://static.wixstatic.com/media/45119e_b515104a49a642a1945b922955493527~mv2.png/v1/fit/w_1000,h_1000,q_90/file.png	https://static.wixstatic.com/media/45119e_84fe29493a4740048f179532d893eb83~mv2.png/v1/fit/w_1000,h_1000,q_90/file.png,https://static.wixstatic.com/media/45119e_d7da59955af04951b13bcd1153486b51~mv2.png/v1/fit/w_1000,h_1000,q_90/file.png,https://static.wixstatic.com/media/45119e_30856fb0d2ac47d0b71f6b0d557cf1f9~mv2.png/v1/fit/w_1000,h_1000,q_90/file.png,https://static.wixstatic.com/media/45119e_21d65518a9f74bdaa40062175cd42853~mv2.png/v1/fit/w_1000,h_1000,q_90/file.png,https://static.wixstatic.com/media/45119e_612861dead354a619d3c901707956ff3~mv2.png/v1/fit/w_1000,h_1000,q_90/file.png	in_stock	12.99 USD		Home & Garden > Decor > Cremation Urns	Funeral & Memorial Supplies > Cremation Burial Bags	KAMIBI	new	Tree of Life Design	Water-Soluble Biodegradable Paper	no	US:::0.00 USD